brand_index_letter,brand_name,brand_name_ko,ctg_no,brand_index_letter_ko
A,&Tradition,앤트레디션,2305091790,ㅇ
A,A COLD WALL,어콜드월,2212074062,ㅇ
A,A PUNTO B,아푼토비,2405132061,ㅇ
A,A.BOCCA,에이보카,2406134111,ㅇ
A,A.P.C.,아페쎄,2212074449,ㅇ
A,ABMT,에이비엠티,2303083023,ㅇ
A,ABOUT TONE,어바웃톤,2408142017,ㅇ
A,ABU GARCIA,아부 가르시아,2404125823,ㅇ
A,ABUS,아부스,2301077333,ㅇ
A,ACQUA DI PARMA,아쿠아 디 파르마,2206057361,ㅇ
A,ACTG,에스코티지,2206058088,ㅇ
A,ADDIR,아디르,2101027096,ㅇ
A,ADER ERROR,아더에러,2312112442,ㅇ
A,ADIDAS,아디다스,2301076338,ㅇ
A,ADIDAS GOLF,아디다스 골프,2405132098,ㅇ
A,ADIDAS GOLF,아디다스 골프,2402120751,ㅇ
A,ADIDAS Y-3,아디다스 와이쓰리,2301075185,ㅇ
A,ADRIANO GOLDSCHMIED,아드리아노 골드슈미드,2406134127,ㅇ
A,AEER,아에르,1901005399,ㅇ
A,AESTHER EKME,에스더 에크메,2406134103,ㅇ
A,AESTURA,에스트라,2302079339,ㅇ
A,AETERNO,에테르노,2212074065,ㅇ
A,AFTER LABEL,애프터 라벨,2310106356,ㅇ
A,AFTER TENNIS,애프터 테니스,2206058865,ㅇ
A,AGE,에이지,2107035684,ㅇ
A,AGNES.B,아네스베,2302079293,ㅇ
A,AGO,아고,2402117919,ㅇ
A,AGOLDE,에이골디,2301075540,ㅇ
A,AJOBYAJO,아조바이아조,2108037865,ㅇ
A,AKONI,아코니,2405132028,ㅇ
A,AKRIS,아크리스,2401114316,ㅇ
A,AKRO,아크로,2308100401,ㅇ
A,ALABASTER,알라바스터,2307096529,ㅇ
A,ALAIA,알라이아,2212074060,ㅇ
A,ALANUI,알라누이,2305091050,ㅇ
A,ALBERTA FERRETTI,알베르타페레티,2303081020,ㅇ
A,ALCHEMIST,알케미스트,2406134096,ㅇ
A,ALDEN,알든,2301076010,ㅇ
A,ALDO,알도,2408144158,ㅇ
A,ALESSANDRA RICH,알렉산드라리치,2303081019,ㅇ
A,ALESSANDRO VIGILANTE,알레산드로 비질란테,2406134112,ㅇ
A,ALESSI,알레시,2108037846,ㅇ
A,Alexander McQueen,알렉산더맥퀸,2212074061,ㅇ
A,ALEXANDERWANG,알렉산더왕,10000004142,ㅇ
A,ALEXANDRE VAUTHIER,알렉산드레 보티에,2403121485,ㅇ
A,ALICE & OLIVIA,앨리스 앤 올리비아,2405132006,ㅇ
A,ALLEGRI,알레그리,2305091418,ㅇ
A,ALLIE,알리,2302079345,ㅇ
A,ALLSAINTS,올세인츠,1911012189,ㅇ
A,ALOD,알로드,2404125660,ㅇ
A,ALPHA INDUSTRIES,알파인더스트리,2310105992,ㅇ
A,ALPHA INDUSTRIES,알파 인더스트리,2211070800,ㅇ
A,ALPHA STUDIO,알파스튜디오,2405131996,ㅇ
A,ALTAIA,알타이아,2402120512,ㅇ
A,ALTRA,알트라,2301076858,ㅇ
A,ALVIERO MARTINI 1A CLASSE,알비에로 마르티니 클라쎄,2305091066,ㅇ
A,ALYSI,알리지,2405131986,ㅇ
A,ALYX,알릭스,2301075287,ㅇ
A,ambai,암바이,2312112297,ㅇ
A,AMBUSH,앰부시,2301077120,ㅇ
A,AMERICAN NEEDLE,아메리칸 니들,2301075919,ㅇ
A,AMERICAN VINTAGE,아메리칸 빈티지,2406136136,ㅇ
A,AMI PARIS,아미 파리,2212074450,ㅇ
A,AMINA MUADDI,아미나 무아디,2403121333,ㅇ
A,AMIRI,아미리,2301077328,ㅇ
A,AMISH,아미시,2401114304,ㅇ
A,AMONG THEM,어몽뎀,2207061029,ㅇ
A,AMPLE:N,앰플엔,2302079367,ㅇ
A,AMT,에이엠티,2210068320,ㅇ
A,ANARK,아나크,2302079292,ㅇ
A,ANDALOU,안달로우,2302078638,ㅇ
A,ANDAMANE,안다마네,2403121334,ㅇ
A,ANDANTTE,안단테,2402120026,ㅇ
A,ANDERSEN-ANDERSEN,안데르센 안데르센,2304088672,ㅇ
A,ANDREA ADAMO,안드레아 아다모,2401114290,ㅇ
A,ANEPIGRAPHE,아네피그라프,2010023510,ㅇ
A,ANESSA,아넷사,2304085620,ㅇ
A,ANIA HAIE,아니아하이에,2212074804,ㅇ
A,ANILLO,아닐로,2302079381,ㅇ
A,ANINE BING,애니빙,2405131990,ㅇ
A,ANITA BILARDI,아니타 빌라디,2305090989,ㅇ
A,ANN DEMEULEMEESTER,앤 드뮐미스터,2305091065,ㅇ
A,ANNA SUI,안나수이,2404125085,ㅇ
A,ANNA SUI EYEWEAR,안나수이,2301076745,ㅇ
A,ANTOMARS,앤투마스,2202049847,ㅇ
A,ANUA,아누아,2302079353,ㅇ
A,AQUAZZURA,아쿠아주라,2305090985,ㅇ
A,ARCHIES,아치스,2407138200,ㅇ
A,ARCHIVIO B,아키비오 비,2403121299,ㅇ
A,ARCTERYX,아크테릭스,2007019669,ㅇ
A,ARENA,아레나,2303084013,ㅇ
A,ARENCIA,아렌시아,2301075568,ㅇ
A,ARIANA GRANDE FRAGRANCES,아리아나 그란데,2308098321,ㅇ
A,ARMANI EXCHANGE,아르마니 익스체인지,10000003424,ㅇ
A,ARTEK,아르텍,2107036438,ㅇ
A,ARTEMIDE,아르떼미데,2302078453,ㅇ
A,ARTISAN&ARTIST,아티산&아티스트,2302079928,ㅇ
A,ARTISH,아티쉬,2406136953,ㅇ
A,ARTN EDITION,아트앤에디션,2203051062,ㅇ
A,ARWE,아르베,2405131699,ㅇ
A,ASH,아쉬,2301076004,ㅇ
A,ASHER GOLF,아셀골프 ACC,2206058110,ㅇ
A,ASICS,아식스,2301077259,ㅇ
A,ASPESI,아스페시,2302078621,ㅇ
A,ASTORFLEX,아스토플렉스,2303081017,ㅇ
A,ASUS,에이수스,2305091226,ㅇ
A,ATELIER PAULIN,아뜰리에 폴린,2305091695,ㅇ
A,ATELIER QUINCE,아틀리에퀸스,2207060917,ㅇ
A,ATHPLATFORM,애스플래폼,2004016404,ㅇ
A,ATOMO FACTORY,아토모 팩토리,2406134082,ㅇ
A,AURALEE,오라리,2301075289,ㅇ
A,AURUT,아우릇,2202049083,ㅇ
A,AUSTIN AUSTIN,오스틴오스틴,2404128694,ㅇ
A,AUTRY,오트리,2405131942,ㅇ
A,AVEDA,아베다,2207061190,ㅇ
A,AVEN,에이븐,2207060559,ㅇ
A,AVOCADO,아보카도,1909010558,ㅇ
A,AVOLT,아볼트,2301076402,ㅇ
A,AVVES GOLF,아베스골프,2206057716,ㅇ
A,AWAKE NY,어웨이크 NY,2405132008,ㅇ
A,AWESOMEBIKE,어썸바이크,2305089156,ㅇ
A,AXEL ARIGATO,악셀아리가토,2212074059,ㅇ
A,Azfit,아즈피트,2312112296,ㅇ
B,BA&SH,바쉬,2406134090,ㅂ
B,BABOR,바버,2309102675,ㅂ
B,BACCARAT,바카랏,2307095538,ㅂ
B,BADBLUE,배드블루,2201046151,ㅂ
B,BALENCIAGA,발렌시아가,2212074465,ㅂ
B,BALENCIAGA KIDS,발렌시아가 키즈,2211072199,ㅂ
B,BALLANTYNE,발란타인,2305090422,ㅂ
B,BALLARINI,발라리니,2207060700,ㅂ
B,BALLY,발리,2212074187,ㅂ
B,BALMAIN,발망,2301075858,ㅂ
B,BALMAIN HAIR,발망 헤어,2303084293,ㅂ
B,BALMAIN KIDS,발망 키즈,2301075786,ㅂ
B,BALMUDA,발뮤다,2301075494,ㅂ
B,BANG & OLUFSEN,뱅앤울룹슨,2004016290,ㅂ
B,BAO BAO ISSEY MIYAKE,바오바오 이세이 미야케,2301076002,ㅂ
B,BAOBAB COLLECTION,바오밥컬렉션,2404128705,ㅂ
B,BARACUTA,바라쿠타,2212074181,ㅂ
B,BARBA,바르바,2305091042,ㅂ
B,BARBOUR,바버,2308098787,ㅂ
B,BAREBONES,베어본즈,2306093821,ㅂ
B,BAREDO,바레도,2309102678,ㅂ
B,BARELOU,베어루,2310104457,ㅂ
B,BARNEYS NEW YORK,바니스 뉴욕 패션,2301075864,ㅂ
B,BARROW,바로우,2403123134,ㅂ
B,BARTON PERREIRA,바본페레이라,2406134075,ㅂ
B,BASERANGE,베이스레인지,2312111771,ㅂ
B,BASIL BANGS,바질뱅스,2106034458,ㅂ
B,BASTONG,바스통,1904007042,ㅂ
B,BATH & BODY WORKS,배스 앤 바디웍스,2404128349,ㅂ
B,BAUM UND PFERDGARTEN,바움 운드 페르드가르텐,2301075272,ㅂ
B,BBIA,삐아,2302079360,ㅃ
B,BEANA,비아나,2403123758,ㅂ
B,BEANPOLE GOLF,빈폴골프,2306093783,ㅂ
B,BEARBRICK,베어브릭,2305089547,ㅂ
B,BEAUTY BLENDER,뷰티 블렌더,2306093508,ㅂ
B,BEAUTYMED,뷰티메드,2406134137,ㅂ
B,BELIF,빌리프,2407137771,ㅂ
B,BELSTAFF,벨스타프,2212074191,ㅂ
B,BELVEDERE,벨베데레,1904007249,ㅂ
B,BEMUSE MANSION,비뮤즈맨션,2101027584,ㅂ
B,BEN NEVIS,벤네비스,2301077252,ㅂ
B,BEN SHERMAN,벤셔먼,2404127726,ㅂ
B,BEN TAVERNITI UNRAVEL,벤 타베르니티 언라벨,2405132454,ㅂ
B,BENCH,벤치,2303083043,ㅂ
B,BENEDETTA BRUZZICHES,베네데따부르치케스,2403121335,ㅂ
B,BENEFIT,베네피트,2206057354,ㅂ
B,BENSIMON,벤시몽,2301075981,ㅂ
B,BERG&RIDGE,베르그앤릿지,2301077358,ㅂ
B,BERLUTI,벨루티,2212074190,ㅂ
B,BERMUDA GRASS,버뮤다 그래스,2205055099,ㅂ
B,BETTER THAN SURF,배러댄서프,2206058339,ㅂ
B,BETTERS,베럴즈,2006019117,ㅂ
B,BETTINA VERMILLON,베티나 버밀론,2403121298,ㅂ
B,BGZT LAB,브그즈트랩,2302080611,ㅂ
B,BIARRITZ 1961,비아리츠 1961,2403121401,ㅂ
B,BIG AGNES,빅 아그네스,2204053502,ㅂ
B,BIGWAVE COLLECTIVE,빅웨이브 콜렉티브,2108037879,ㅂ
B,BILLABONG,빌라봉,2301076089,ㅂ
B,BILLIEBLUSH,빌리블러쉬,2403121338,ㅂ
B,BIODERMA,바이오더마,2211071723,ㅂ
B,BIOGAIA,바이오가이아,2301075635,ㅂ
B,BIOTHERM,비오템,2206057355,ㅂ
B,BIOTHERM HOMME,비오템,2206057356,ㅂ
B,BIRGITTE HERSKIND,비르기테 허스카인드,2406134118,ㅂ
B,BIRKENSTOCK,버켄스탁,10000003445,ㅂ
B,BLABLAKIA,블라블라키아,2407141319,ㅂ
B,BLAFRE,블라프레,2301077298,ㅂ
B,BLAKSHAVE,블락쉐이브,2206058403,ㅂ
B,BLANCA VITA,블랑카 비타,2405132052,ㅂ
B,BLAUER,블라우어,2405131988,ㅂ
B,BLENDTEC,블렌텍,2301077291,ㅂ
B,BLIPERS,블리퍼스,2405130916,ㅂ
B,BLOODLINE GOLF,블러드라인 골프,2206058886,ㅂ
B,BLUE BOTTLE COFFEE,블루보틀커피,2306093777,ㅂ
B,BLUE DIAMOND,블루다이아몬드,2312113722,ㅂ
B,BLUE JAINER CLUB,블루 제이너 클럽,2206058402,ㅂ
B,BLUE TEES GOLF,블루티스 골프,2407140845,ㅂ
B,BLUMARINE,블루마린,2305090930,ㅂ
B,BLUNDSTONE,블런드스톤,2301076011,ㅂ
B,BMUET(TE),비뮈에트,2202048325,ㅂ
B,BNBGOLD,비앤비골드,2303084201,ㅂ
B,BOBBI BROWN,바비브라운,2207061185,ㅂ
B,BOBO CHOSES,보보 쇼즈,2212074192,ㅂ
B,BODY FANTASIES,바디판타지,2301075886,ㅂ
B,BOGNER,보그너,2307095161,ㅂ
B,BOLON,볼론,2301076751,ㅂ
B,BOMANN,보만,2301075279,ㅂ
B,BONJOUR,봉주르,2312111561,ㅂ
B,BONPOINT,봉쁘앙,2011025278,ㅂ
B,BONSAI,본사이,2401114323,ㅂ
B,BONTON,봉통,2302077800,ㅂ
B,BOONTHESHOP,분더샵,2011025501,ㅂ
B,BORBONESE,보르보네제,2405132014,ㅂ
B,BORIS BIDJAN SABERI,보리스 비드얀 사베리,2405132041,ㅂ
B,BORNN ENAMELWARE,본에나멜웨어,2301077303,ㅂ
B,BORNTOSTANDOUT,본투스탠드아웃,2405130648,ㅂ
B,BOSE,보스,2006018852,ㅂ
B,BOSS,보스,2204052925,ㅂ
B,BOTTEGA VENETA,보테가베네타,2301075145,ㅂ
B,BOUTIJOUR,부티쥬르,2301075647,ㅂ
B,Bowers&Wilkins,바워스앤윌킨스,2201047219,ㅂ
B,BOYY,보이,2301077330,ㅂ
B,BRAUN,브라운,2212074219,ㅂ
B,BRAUN AUDIO,브라운 오디오,2207059558,ㅂ
B,BRIAN DALES,브라이언데일스,2403121394,ㅂ
B,BRICS,브릭스,2407139461,ㅂ
B,BRIEFING,브리핑,2305091704,ㅂ
B,BRIO,브리오,2209065660,ㅂ
B,BRIOCHIN,브리오신,2301075634,ㅂ
B,BRIONI,브리오니,2303081177,ㅂ
B,BRIONI PERFUME,브리오니 퍼퓸,2307095812,ㅂ
B,BRISTON,브리스톤,2212073862,ㅂ
B,BRITISH M,브리티시엠,2302079387,ㅂ
B,BROMPTON LONDON,브롬톤 런던,2308100823,ㅂ
B,BROOKLYN WORKS,브루클린웍스,2301075978,ㅂ
B,BROOKS BROTHERS,브룩스 브라더스,2301077254,ㅂ
B,BROOKS RUNNING,브룩스 러닝,2407141304,ㅂ
B,BRUNELLO CUCINELLI,브루넬로 쿠치넬리,10000003430,ㅂ
B,BUNNAR,분나,2210069643,ㅂ
B,BURBERRY,버버리,2211072193,ㅂ
B,BURBERRY KIDS,버버리 키즈,2301075789,ㅂ
B,BUTTERO,부테로,2209065523,ㅂ
B,BY FAR,바이파,2408144363,ㅂ
B,BY MALENE BIRGER,바이말렌비거,2303081669,ㅂ
B,BY WISHTREND,바이위시트렌드,2303082647,ㅂ
B,BYREDO,바이레도,10000003451,ㅂ
B,NEOMEDIX,네오메딕스,2306093683,ㄴ
C,C.P. COMPANY,씨피컴퍼니,2212074467,ㅆ
C,C.P. COMPANY KIDS,씨피 컴퍼니 키즈,2301075803,ㅆ
C,CADO,카도,2202048409,ㅋ
C,CAFEC,카펙,2311109747,ㅋ
C,CALCATERRA,칼카테라,2406134092,ㅋ
C,CALLAWAY,캘러웨이,2306093842,ㅋ
C,CALVIN KLEIN,캘빈클라인,2302079106,ㅋ
C,CALVIN KLEIN Perfume,캘빈클라인 퍼퓸,2211071184,ㅋ
C,CAMBRO,캠브로,2301076046,ㅋ
C,CAMPER,캠퍼,2301075527,ㅋ
C,CANADA GOOSE,캐나다구스,2212074498,ㅋ
C,CANAKU,카나쿠,2406134119,ㅋ
C,CANALI,까날리,2305091004,ㄲ
C,CANON,캐논,2105032798,ㅋ
C,CARAN D ACHE,까렌다쉬,2009023207,ㄲ
C,CARAVANA,카라바나,2406134077,ㅋ
C,CAREL,까렐,2308098474,ㄲ
C,CARHARTT,칼하트,2301076341,ㅋ
C,CARL HANSEN & SON,칼 한센 앤 선,2307095539,ㅋ
C,CARLOS SANTOS,카를로스 산토스,2001013122,ㅋ
C,CARRERA,까레라 아이웨어,2305091138,ㄲ
C,CARRIER,캐리어,2306093776,ㅋ
C,CARTIER,까르띠에,2301075859,ㄲ
C,CARVEN,까르벵,2304088650,ㄲ
C,CASABLANCA,카사블랑카,2301076200,ㅋ
C,CASADEI,카사데이,2305090964,ㅋ
C,CASAMIA,까사미아,1812004700,ㄲ
C,CASIO,카시오,2212074082,ㅋ
C,CASO,까소,2302079181,ㄲ
C,CASSINA,카시나,2307095540,ㅋ
C,CASTANER,카스따네르,2307095345,ㅋ
C,CAUDALIE,꼬달리,2309102058,ㄲ
C,CAZAL EYEWEAR,카잘 아이웨어,2405132045,ㅋ
C,CECILIE BAHNSEN,세실리에 반센,2406135828,ㅅ
C,CELINE,셀린느,2212074206,ㅅ
C,CELLAPY,셀라피,2302077973,ㅅ
C,CELLCOSMET,셀코스메트,2302078255,ㅅ
C,CELLMUTE,셀뮤트,2209064879,ㅅ
C,CETAPHIL,세타필,2311109639,ㅅ
C,CHAIR GALLERY,체어갤러리,2110041123,ㅊ
C,CHAMPION,챔피온,2303084263,ㅊ
C,CHEONGDAM30,청담30,2406133887,ㅊ
C,CHERET,쉐레,2401115405,ㅅ
C,CHIARA FERRAGNI,키아라 페라그니,2301075989,ㅋ
C,CHICHIPAPA,치치파파,2302080311,ㅊ
C,CHICOR,시코르,2204053193,ㅅ
C,CHILEWICH,칠리위치,2305091692,ㅊ
C,CHLOE,끌로에,2306092160,ㄲ
C,CHLOE KIDS,끌로에 키즈,2307095803,ㄲ
C,CHLOE STORA,끌로에 스토라,2402118851,ㄲ
C,CHOCO.EL,초코엘,2005017321,ㅊ
C,CHOPARD,쇼파드,2405132040,ㅅ
C,CHRISTIAN DIOR,크리스찬디올,2212074964,ㅋ
C,CHRISTIAN DIOR KIDS,크리스찬디올 키즈,2303083837,ㅋ
C,CHRISTIAN LOUBOUTIN,크리스찬 루부탱,2301075990,ㅋ
C,CHRISTOFLE,크리스토플,2307096547,ㅋ
C,CHRONYX GOLF,크로닉스골프,2303084008,ㅋ
C,CHUBBSAFES,첩세이프코리아,2108038320,ㅊ
C,CHUMS,첨스,2206058621,ㅊ
C,CHURCH'S,처치스,2305090963,ㅊ
C,CHURCHS,처치스,2401114294,ㅊ
C,CITIZEN,시티즌,2208063081,ㅅ
C,CITIZEN OF HUMANITY,시티즌 오브 휴머니티,2403121297,ㅅ
C,CLAE,클래이,2408143508,ㅋ
C,CLARKS ORIGINALS,클락스 오리지널스,1911012098,ㅋ
C,CLE DE PEAU BEAUTE,끌레드뽀 보떼,2206057348,ㄲ
C,CLEAN,클린,2308100396,ㅋ
C,CLINIQUE,크리니크,2207061186,ㅋ
C,CLOSED,클로즈드,2301075543,ㅋ
C,CMMN SWDN,커먼스웨덴,2406135485,ㅋ
C,COACH,코치,2212074105,ㅋ
C,COCCINELLE,코치넬레,2303085175,ㅋ
C,COLDFRAME,콜드프레임,2408142773,ㅋ
C,COLLECT,콜렉트,2006018850,ㅋ
C,COLMAR,콜마르,2210069352,ㅋ
C,COLOMBO,콜롬보,2301076007,ㅋ
C,COLUMBIA,컬럼비아,2406134113,ㅋ
C,COLUMBIA UNIVERSITY,컬럼비아 유니버시티,2109040160,ㅋ
C,COMME DES GARCONS,꼼데가르송,2212074499,ㄲ
C,COMME DES GARCONS KIDS,꼼데가르송 키즈,2303083841,ㄲ
C,COMMON PROJECTS,커먼프로젝트,2212074104,ㅋ
C,CONCEPT COLLEGE,컨셉트컬리지,2212072600,ㅋ
C,CONVERSE,컨버스,2211071189,ㅋ
C,COPERNI,코페르니,2301075218,ㅋ
C,CORGI,코기,1904007271,ㅋ
C,CORMIO,코르미오,2401114303,ㅋ
C,CORNELIANI,꼬르넬리아니,2110040416,ㄲ
C,COSTARELLOS,코스타렐로스,2405132082,ㅋ
C,COTE DE MOI,꼬떼드무아,2407140663,ㄲ
C,COTONE,꼬또네,2209065393,ㄲ
C,COUCOU SUZETTE,쿠쿠수제뜨,2303081195,ㅋ
C,CRAFTPRACTISE,크래프트프랙티스,2211070393,ㅋ
C,CRASH BAGGAGE,크래쉬 배기지,2206057763,ㅋ
C,CRAYON,크래용,2309102677,ㅋ
C,CRAZY CAR WASH CREW,크레이지 카 워시 크루,2206057770,ㅋ
C,CREVE9,크리브나인,2205055385,ㅋ
C,CRIDA,끄리다,2405132058,ㄲ
C,CRIME LONDON,크라임런던,2405131973,ㅋ
C,CRISTIAN DANIEL,크리스티안 다니엘,2305090966,ㅋ
C,CROCS,크록스,2108038373,ㅋ
C,CROW CANYON,크로우캐년,2301077304,ㅋ
C,CRUNA,크루나,2405132000,ㅋ
C,CRUSH AGAIN,크러쉬어게인,2109040041,ㅋ
C,CRYSTAL HAZE,크리스탈헤이즈,2301076349,ㅋ
C,CURLYSHYLL,커리쉴,2211071230,ㅋ
C,CUTLER AND GROSS,커틀러앤그로스,2406134078,ㅋ
C,PERFUME BOUTIQUE,까르뱅 퍼퓸,2301076948,ㄲ
D,D ACOUSTICS,디어쿠스틱스,2108037872,ㄷ
D,D'ACCORD PIECE,다꼬르피스,2201046571,ㄷ
D,D'ALBA,달바,2211071247,ㄷ
D,D.A.T.E.,데이트,2306092154,ㄷ
D,D1 MILANO,디원밀라노,2212074308,ㄷ
D,DADDY PROJECT,대디프로젝트,2308098942,ㄷ
D,DAKS,닥스,2301076351,ㄷ
D,DAMIANI,다미아니,2212074292,ㄷ
D,DAMIR DOMA,다미르도마,2403121296,ㄷ
D,DANIEL CREMIEUX,다니엘 크레뮤,2302080119,ㄷ
D,DANIELE ALESSANDRINI,다니엘알렉산드리니,2405131981,ㄷ
D,DANTON,단톤,2302077796,ㄷ
D,DARKAI,다카이,2405132450,ㄷ
D,DARKPARK,다크파크,2403121395,ㄷ
D,DARN TOUGH,단터프,2209065463,ㄷ
D,DARPHIN,달팡,2207061191,ㄷ
D,DASIQUE,데이지크,2211071239,ㄷ
D,DAVE&DAZE,데이브앤데이즈,2210067362,ㄷ
D,DAVID BECKHAM,데이비드 베컴,2406134122,ㄷ
D,DAVINES,다비네스,2212074831,ㄷ
D,DAZE DAYZ,데이즈데이즈,1811004118,ㄷ
D,DEAR DAHLIA,디어달리아,2211071221,ㄷ
D,DEKAVV,데카브,2401116613,ㄷ
D,DELLA LANA,델라라나,2007019639,ㄷ
D,DELVAUX,델보,2212074297,ㄷ
D,DEMELLIER,드멜리어,2405131980,ㄷ
D,DENBY,덴비,2403121748,ㄷ
D,DENON,데논,2402118818,ㄷ
D,DENTISTE,덴티스테,2302079395,ㄷ
D,DENTRO,덴트로,2405132073,ㄷ
D,DENTS,덴츠,2303081011,ㄷ
D,DEPOUND,드파운드,2311110745,ㄷ
D,DES PHEMMES,데 펨메스,2406135486,ㄷ
D,DESCENTE GOLF,데상트골프,2301077548,ㄷ
D,DESTREE,데스트리,2303081127,ㄷ
D,DEUS EX MACHINA,데우스엑스마키나,2212074294,ㄷ
D,DEUTER,도이터,2402118950,ㄷ
D,DEVIWEAR,데비웨어,2305091142,ㄷ
D,DEW E DEW E,듀이듀이,2108037861,ㄷ
D,DIA MOMO,디아모모,2203051354,ㄷ
D,DIADORA HERITAGE,디아도라,2301076012,ㄷ
D,DIAME,다이아미,2306094752,ㄷ
D,DIANE VON FURSTENBERG,다이앤 본 퍼스텐버그,2405132023,ㄷ
D,DICKIES,디키즈,2301076811,ㄷ
D,DIDIER DUBOT,디디에두보,2304087000,ㄷ
D,DIESEL,디젤,10000003438,ㄷ
D,DIESEL JEWELRY,디젤 주얼리,2409146387,ㄷ
D,DIESEL WATCH,디젤 워치,2401115156,ㄷ
D,DINTO,딘토,2302079358,ㄷ
D,DION LEE,디온리,2301075631,ㄷ
D,DIOR HOMME,디올 옴므,2301077143,ㄷ
D,DIPTYQUE,딥티크,10000039942,ㄷ
D,DISCLAIMER,디스클레이머,2405131991,ㄷ
D,DITA,디타,2405131992,ㄷ
D,DJI,디제이아이,2305091221,ㄷ
D,DKNY,디케이엔와이,2212074224,ㄷ
D,DKNY WATCH,도나카란뉴욕 워치,2401115148,ㄷ
D,DOD,디오디,2305091511,ㄷ
D,DODO BAR OR,도도바오르,2405132053,ㄷ
D,DOLCE & GABBANA BEAUTY,돌체앤가바나 뷰티,2309103836,ㄷ
D,DOLCE&GABBANA,돌체앤가바나,2301077038,ㄷ
D,DOLPHIN,돌핀,2212074303,ㄷ
D,DOM REBEL,돔레벨,2403121294,ㄷ
D,DONDUP,돈답,2301077329,ㄷ
D,DONGGUBAT,동구밭,2302079388,ㄷ
D,DORELAN,돌레란,2305090407,ㄷ
D,DORLOKIN,돌로킨,2408143181,ㄷ
D,DOROCY,도로시,2308098587,ㄷ
D,DOROTHEE SCHUMACHER,도로시 슈마허,2405132035,ㄷ
D,DOTTUS,도터스,2407139458,ㄷ
D,DOUBLET,더블렛,2301077036,ㄷ
D,DOUCAL’S,듀칼스,2403121336,ㄷ
D,DOUGH,도우,1811004115,ㄷ
D,DOUUOD,두두,2305090996,ㄷ
D,DR. MARTENS,닥터 마틴,2301075290,ㄷ
D,DR.HOLI,닥터할리,2301077288,ㄷ
D,DR.HOWS,닥터하우스,2212072833,ㄷ
D,DRAGON DIFFUSION,드래곤디퓨전,2212074306,ㄷ
D,DRIES VAN NOTEN,드리스반노튼,10000039662,ㄷ
D,DROGHERIA CRIVELLINI,드로게리아 크리베리니,2301077274,ㄷ
D,DROLE DE MONSIEUR,드롤드 무슈,2301077266,ㄷ
D,DRUMOHR,드루모어,2303081012,ㄷ
D,DRUNK ELEPHANT,드렁크엘리펀트,2211071220,ㄷ
D,DS&DURGA,디에스앤더가,2206058997,ㄷ
D,DSQUARED2,디스퀘어드2,10000003435,ㄷ
D,DUALIT,듀얼릿,2302079191,ㄷ
D,DUNHILL,던힐 아이웨어,2407138606,ㄷ
D,DUNO,두노,2311108383,ㄷ
D,DUNST,던스트,2406135487,ㄷ
D,DUOMO,두오모,2201047762,ㄷ
D,DUVETICA,듀베티카,2308100002,ㄷ
E,EASTERN EDITION,이스턴에디션,2406137286,ㅇ
E,EASTPAK,이스트팩,2301075277,ㅇ
E,EATCO,이토코,2312112298,ㅇ
E,EAU D`ITALIE,오디딸리,2402120513,ㅇ
E,ECCO,에코,2212074064,ㅇ
E,ECOALF,에콜프,2406134114,ㅇ
E,ECOMMAE,이콤마이,2108037863,ㅇ
E,EcoSmart Fire,에코스마트파이어,2310106544,ㅇ
E,EDWARD GREEN,에드워드 그린,2405131961,ㅇ
E,EENK,잉크,1811004112,ㅇ
E,EKHON,에콘,1911012028,ㅇ
E,ELEVENTY,일레븐티,2405131983,ㅇ
E,ELISABETTA FRANCHI,엘리자베타 프렌치,2303085174,ㅇ
E,ELIZABETH MOMENTS,엘리자베스 모먼트,2304085791,ㅇ
E,ELLI K,엘리케이,2401115705,ㅇ
E,EMILIO PUCCI,에밀리오 푸치,2301075515,ㅇ
E,EMPORIO ARMANI,엠포리오 아르마니,10000003422,ㅇ
E,EMPORIO ARMANI JUNIOR,엠포리오 아르마니 주니어,10000003427,ㅇ
E,EMPORIO ARMANI UNDERWEAR,엠포리오 아르마니 언더웨어,10000003426,ㅇ
E,EMPORIO ARMANI WATCH,엠포리오 아르마니 워치,2401115274,ㅇ
E,EN OR,엔오르,1911012306,ㅇ
E,ENFÖLD,엔폴드,2208062840,ㅇ
E,ENRICH,인리치,2203049910,ㅇ
E,ENTRE D'EUX,엉트르두,2302079246,ㅇ
E,EPIGRAM,에피그램,2209065755,ㅇ
E,EQUMAL,에크멀,2302079359,ㅇ
E,ERBORIAN,에르보리앙,2302079364,ㅇ
E,ERDEM,에르뎀,2407140713,ㅇ
E,ERMANNO SCERVINO,에르마노 설비노,2305091070,ㅇ
E,ESPOIR,에스쁘아,2211071240,ㅇ
E,ESTEE LAUDER,에스티로더,2207061180,ㅇ
E,ETATPUR,에타퓨르,2309102059,ㅇ
E,ETCH,에취,1811004108,ㅇ
E,ETRO,에트로,2212074066,ㅇ
E,ETUDES,에뛰드,2301077122,ㅇ
E,EVA SOLO,에바솔로,2210068322,ㅇ
E,EVISU,에비수,2406134104,ㅇ
E,EX NIHILO,엑스니힐로,2101027276,ㅇ
E,EXTREME CASHMERE,익스트림캐시미어,2302078637,ㅇ
E,PICK AND CHOOSE,에드몬드 스튜디오,2307095181,ㅇ
F,4GIVENESS,포기브니스,2305090975,ㅍ
F,F.R.S. FOR RESTLESS SLEEPERS,폴 레스트레스 슬리퍼스,2405132072,ㅍ
F,FABIANA FILIPPI,파비아나 필리피,2305090970,ㅍ
F,FACE FACTORY,페이스팩토리,2307095789,ㅍ
F,FAITH CONNEXION,페이션 커넥션,2303081176,ㅍ
F,FALCON ENAMELWARE,팔콘에나멜웨어,2301077300,ㅍ
F,FAME,페임,2405132003,ㅍ
F,FASHY,파쉬,2212074140,ㅍ
F,FATBOY,팻보이,2302077706,ㅍ
F,FAY,페이,2403121331,ㅍ
F,FAYEWOO,페이우,1811004122,ㅍ
F,FEAR OF GOD,피어오브갓,2212074129,ㅍ
F,FEATHERDOWN,페더다운,2210068608,ㅍ
F,FEDELI,페델리,2305090973,ㅍ
F,FELIX,펠릭스,2407139014,ㅍ
F,FELLOW,펠로우,2311107945,ㅍ
F,FEMMUE,파뮤,2206057365,ㅍ
F,FENDI,펜디,2212074500,ㅍ
F,FENDI KIDS,펜디 키즈,2301075838,ㅍ
F,FERRAGAMO WATCH,페라가모,2208063076,ㅍ
F,FFC,FFC,2406134084,F
F,FFROI,프루아,2210067183,ㅍ
F,FILA,휠라,2110040538,ㅎ
F,FILIPPA K,필리파 케이,2405131998,ㅍ
F,FILSON,필슨,2212074237,ㅍ
F,Finum,피넘,2312112302,ㅍ
F,FIRST BIKE,퍼스트바이크,2301077327,ㅍ
F,FISICO,피시코,2405132005,ㅍ
F,FITFLOP,핏플랍,2211070806,ㅍ
F,FIVEVIBE,파이브바이브,2302079351,ㅍ
F,FJALLRAVEN,피엘라벤,2208063562,ㅍ
F,FLENSTED MOBILES,플렌스테드모빌,2301076047,ㅍ
F,FLORIS LONDON,플로리스런던,2402120528,ㅍ
F,FLOWDONO,플로우도노,2302080512,ㅍ
F,FLOYD,플로이드,2307097026,ㅍ
F,FOLNUA,폴뉴아,2307096957,ㅍ
F,FONTANA MILANO,폰타나 밀라노 1915,10000003447,ㅍ
F,FOOTBALL STANDARD,풋볼스탠다드,2403124341,ㅍ
F,FOPPAPEDRETTI,포빠페드레띠,2405131072,ㅍ
F,FOR ME,폴미,2405128991,ㅍ
F,FOREVERYBARI,포에브리바리,2006019116,ㅍ
F,FORTE FORTE,포르테포르테,2301075214,ㅍ
F,FORZIERI,포지에리,2305090976,ㅍ
F,FOSSIL,파슬,2212074141,ㅍ
F,FRAGONARD,프라고나르,2308098323,ㅍ
F,FRAME,프레임,2305090977,ㅍ
F,FRANKLY!,프랭클리,2109040047,ㅍ
F,FRAY,프레이,2405132046,ㅍ
F,FRED PERRY,프레드페리,2303084440,ㅍ
F,FREDERIQUE CONSTANT,프레드릭 콘스탄트,2401116766,ㅍ
F,FREEPLUS,프리플러스,2302079375,ㅍ
F,FREITAG,프라이탁,2212074958,ㅍ
F,FRONT STREET 8,프론트 스트리트 8,2305090978,ㅍ
F,FRONTROW,프론트로우,2402118140,ㅍ
F,FRUI,프루이,2212073880,ㅍ
F,FTC CASHMERE,FTC 캐시미어,2405132043,F
F,FULL SWING,풀스윙,2306092287,ㅍ
F,FURLA,훌라,2305090984,ㅎ
F,FUTURETRO,퓨처레트로,2202049841,ㅍ
G,G-CUT,지컷,10000001354,ㅈ
G,G.H.BASS,바스,1911012097,ㅂ
G,G/FORE,지포어,2212074245,ㅈ
G,GALAXY,갤럭시,2308101085,ㄱ
G,GALLERY DEPT.,갤러리 디파트먼트,2301075295,ㄱ
G,GALLERY LIMAA,갤러리 리마,2212073889,ㄱ
G,GALLERY NAREE,나리화랑,2112045347,ㄴ
G,GALVIN GREEN,갈빈그린,2208061410,ㄱ
G,GANNI,가니,2212074502,ㄱ
G,GANT,간트,2406134105,ㄱ
G,GAP,갭,10000001373,ㄱ
G,GARMENT WORKSHOP,가먼트 워크샵,2405132015,ㄱ
G,GARMIN,가민,2207060993,ㄱ
G,GARRETT LEIGHT,가렛라이트,2405131969,ㄱ
G,GASTROBACK,가스트로박,2302079340,ㄱ
G,GAUDENZI,가우덴지,2405132081,ㄱ
G,GAUGE81,고쉬81,2401114310,ㄱ
G,Gc,Gc,2212073864,G
G,GCDS,지씨디에스,2301075519,ㅈ
G,GCDS KIDS,지씨디에스 키즈,2301075804,ㅈ
G,GEFU,게푸,2212072849,ㄱ
G,GEIGER,가이거,2212074271,ㄱ
G,GEMMA ALUS,젬마알루스,1911011888,ㅈ
G,GENABELLE,제나벨,2303084505,ㅈ
G,GENEVA,제네바,2009022357,ㅈ
G,GESGEP,제스젭,2211071243,ㅈ
G,GIA COUTURE,지아 쿠튀르,2305090960,ㅈ
G,GIABORGHINI,지아보르기니,2301075222,ㅈ
G,GIACOMO VALENTINI,자코모발렌티니,2212074077,ㅈ
G,GIACOMORELLI,지아코모렐리,2301076008,ㅈ
G,GIADA BENINCASA,지아다 베닌카사,2406135488,ㅈ
G,GIAMPAOLO VIOZZI,지암파올로 비오찌,2305090961,ㅈ
G,Gianfranco Lotti,지안프랑코로띠,2306094773,ㅈ
G,GIANNA,지아나,2002014278,ㅈ
G,GIANNI LUPO,지아니 루포,2303081315,ㅈ
G,GIANVITO ROSSI,지안비토 로시,2303081174,ㅈ
G,GIENCHI,젠치,2302077757,ㅈ
G,GINORI 1735,지노리 1735,2307095543,ㅈ
G,GIORGIO ARMANI,조르지오 아르마니,2005016838,ㅈ
G,GIULIANO GALIANO,줄리아노 갈리아노,2302077801,ㅈ
G,GIUSEPPE ZANOTTI,주세페자노티,2003014505,ㅈ
G,GIVENCHY,지방시,2212074079,ㅈ
G,GIVENCHY KIDS,지방시 키즈,2211072197,ㅈ
G,GLENMUIR,글렌뮤어,2012026293,ㄱ
G,GLOBAL KNIFE,글로벌나이프,2402120404,ㄱ
G,GLOSOME,글로썸,2207060458,ㄱ
G,GLOVERALL,글로버올,2303081010,ㄱ
G,GOALSTUDIO,골스튜디오,2304086405,ㄱ
G,GOEN.J,고엔제이,1811004100,ㄱ
G,GOES BOTANICAL,고즈 보태니컬,2405132056,ㄱ
G,GOLD HAWK,골드 호크,2405132076,ㄱ
G,GOLDEN DEW,골든듀,2212074815,ㄱ
G,GOLDEN GOOSE,골든구스,2301076394,ㄱ
G,GOLDEN GOOSE KIDS,골든구스 키즈,2303083840,ㄱ
G,GOLDEN GOOSE KOREA,골든구스,2104030834,ㄱ
G,GOLDRONY,골드로니,2402118817,ㄱ
G,GOLF TREND,골프트렌드,2211070524,ㄱ
G,GOLFKICKS,골프킥스,2204052488,ㄱ
G,GOLFSHOP,골프샵,2012026295,ㄱ
G,GOPRO,고프로,2202048410,ㄱ
G,GOSOAKY,고소키,2302077786,ㄱ
G,GOSPHERES,고스피어,2211070381,ㄱ
G,GOUTAL,구딸,2206057360,ㄱ
G,GOYARD,고야드,2301075848,ㄱ
G,GRAFEN,그라펜,2303084142,ㄱ
G,GRAMICCI,그라미치,1812004704,ㄱ
G,GRANTS,그란츠,2301075636,ㄱ
G,GREENICH,그리니치,2206059206,ㄱ
G,GREGORY,그레고리,2301075502,ㄱ
G,GREVI,그레비,2403121288,ㄱ
G,GREYYANG,그레이양,1912012573,ㄱ
G,GSI OUTDOORS,지에스아이 아웃도어,2204053503,ㅈ
G,GUCCI,구찌,2212074526,ㄱ
G,GUCCI KIDS,구찌 키즈,2301075834,ㄱ
G,GUESS,게스,2305091002,ㄱ
G,GUESS EYEWEAR,게스,2302079297,ㄱ
G,GUESS WATCHES,게스 워치,2212073865,ㄱ
G,GUIDI,구이디,2303081009,ㄱ
G,GURIM.COM,그림닷컴,2202049344,ㄱ
G,GU_DE,구드,1811004119,ㄱ
H,H COUTURE,H 꾸뛰르,2405132083,H
H,HACHIMAN,하치만,2407138990,ㅎ
H,HAESOO.L,해수엘,2408144515,ㅎ
H,HAI,하이,2302078652,ㅎ
H,HALE BOB,헤일밥,2403121287,ㅎ
H,HALOMINIUM,할로미늄,2108037868,ㅎ
H,HAMILTON,해밀턴,2212074183,ㅎ
H,HANITA,하니타,2405132031,ㅎ
H,HANRO,한로,2309102879,ㅎ
H,HANWAG,한바그,2208063563,ㅎ
H,HANYUL,한율,2301076522,ㅎ
H,HAOSHI,하오시,2108037876,ㅎ
H,HARIO,하리오,2311110176,ㅎ
H,harman/kardon,하만카돈,2209066522,ㅎ
H,HARRIS WHARF LONDON,해리스와프런던,2305090982,ㅎ
H,HARUTA,하루타,2303081491,ㅎ
H,HARVARD KIDS,하버드 키즈,2212073886,ㅎ
H,HASSELBLAD,핫셀블라드,2109038777,ㅎ
H,HATTON LABS,하튼랩스,2305090981,ㅎ
H,HAVAIANAS,하바이아나스,2109038907,ㅎ
H,HAZINA,하지나,2401117513,ㅎ
H,HAZZYS,헤지스,2302079296,ㅎ
H,HDEX,에이치덱스,2306093550,ㅇ
H,HEAD,헤드,2306094929,ㅎ
H,HEART PERCENT,하트퍼센트,2302079361,ㅎ
H,HED MAYNER,헤드 메이너,2303081171,ㅎ
H,HEICH BLADE,에이치블레이드,2109040040,ㅇ
H,HELEN KAMINSKI,헬렌카민스키,2301076920,ㅎ
H,HELLE KNIVES,헬레나이프,2211072155,ㅎ
H,HELLOSIMONE,헬로시모네,2406133896,ㅎ
H,HELMUT LANG,헬무트랭,2301076013,ㅎ
H,HENRY BEGUELIN,헨리 베글린,2009022356,ㅎ
H,HERA,헤라,2206057369,ㅎ
H,HEREU,헤레우,2301075292,ㅎ
H,HERITER,헤리터,2212074828,ㅎ
H,HERMANMILLER,허먼밀러,2109039961,ㅎ
H,HERMES BEAUTY,에르메스,1902005680,ㅇ
H,HERMETICA,에르메티카,2405132346,ㅇ
H,HERNO,에르노,10000003440,ㅇ
H,HEROINE,히로인,1911012002,ㅎ
H,HERON PRESTON,헤론프레스톤,2212074157,ㅎ
H,HERSCHEL,허쉘,2406135509,ㅎ
H,HIBOURAMA,히보우라마,2405132044,ㅎ
H,HIDNANDER,히드낸더,2312111305,ㅎ
H,HILLEBERG,힐레베르그,2201047686,ㅎ
H,HINCE,힌스,2211071244,ㅎ
H,HINDUSTRIE,힌더스트리,2405132049,ㅎ
H,HINNOMINATE,힌노미네이트,2403121486,ㅎ
H,HOGAN,호간,2301075520,ㅎ
H,HOLZWEILER,홀츠베일러,2312113090,ㅎ
H,HONMA,혼마,2402119249,ㅎ
H,HONMA GOLF,혼마골프,2405132245,ㅎ
H,HORN GARMENT,혼가먼트,2102028964,ㅎ
H,HOTEL DAWSON,호텔도슨,2302080240,ㅎ
H,HOURGLASS,아워글래스,10000041644,ㅇ
H,HOUSE OF SUNNY,하우스 오브 써니,2301075273,ㅎ
H,HOWLIN,하울린,2301076319,ㅎ
H,HOWLPOT,하울팟,2007020329,ㅎ
H,HTC,에이치티씨,2403121286,ㅇ
H,HUGO,휴고,2208063302,ㅎ
H,HUGO BOSS EYEWEAR,보스 아이웨어,2301077132,ㅂ
H,HUIT,위뜨,2207060135,ㅇ
H,HUNTER,헌터,2106033751,ㅎ
H,HUXLEY,헉슬리,2206057368,ㅎ
H,HVISK,비스크,2301075225,ㅂ
H,HYDROFLASK,하이드로플라스크,2301077297,ㅎ
H,HYDROGEN,하이드로겐,2303081025,ㅎ
H,HYERES LOR,이에르로르,2405128975,ㅇ
H,HYM,에이치와이엠,2108037873,ㅇ
H,THE HORANG,호랑,2203052188,ㅎ
I,I HATE MONDAY,아이헤이트먼데이,1902006005,ㅇ
I,IBELIVE,아이빌리브,2406134107,ㅇ
I,IC! BERLIN,아이씨베를린,2406134128,ㅇ
I,ICHENDORF,이첸도르프,2301076049,ㅇ
I,ideaco,아이데코,2312112329,ㅇ
I,IENKI IENKI,옌키옌키,2212074068,ㅇ
I,IH NOM UH NIT,이놈어닛,2301075992,ㅇ
I,IL GUFO,일 구포,2401114291,ㅇ
I,ILAIL,일라일,2007019736,ㅇ
I,ILLY,일리,2111043159,ㅇ
I,IMAGE REPUBLIC,이미지리퍼블릭,2305091696,ㅇ
I,IMAGERY CODE,이미저리 코드,2108037851,ㅇ
I,INA,인에이,2202048007,ㅇ
I,INBODY,인바디,2301076150,ㅇ
I,INCOTEX,인코텍스,2302080593,ㅇ
I,INES DE LA FRESSANGE,이네스 드 라 프레상쥬,2405132452,ㅇ
I,INNOANT,이노앙,2407137372,ㅇ
I,INSTA360,인스타360,2312113538,ㅇ
I,INSTAX,인스탁스,2202048240,ㅇ
I,IOLO,이올로,1903006883,ㅇ
I,IOPE,아이오페,2301076520,ㅇ
I,IRIVER,아이리버,2305089370,ㅇ
I,IRO,이로,2301075986,ㅇ
I,ISABEL MARANT,이자벨마랑,2212074509,ㅇ
I,ISLANDSLIPPER,아일랜드슬리퍼,2301075646,ㅇ
I,ISSEY MIYAKE Perfume,이세이미야케 퍼퓸,2211071180,ㅇ
I,ITALESSE,이탈레쎄,2301075577,ㅇ
I,IXOS,익소스,2405132054,ㅇ
J,J.CHUNG,제이청,1905007868,ㅈ
J,J.ESTINA,제이에스티나,2212074813,ㅈ
J,J.LINDEBERG,제이린드버그,10000003439,ㅈ
J,J.M. WESTON,제이엠웨스통,2303081021,ㅈ
J,J.PRESS,제이프레스,2305090958,ㅈ
J,J.RIUM,제이리움,1811004125,ㅈ
J,J.W. ANDERSON,제이더블유 앤더슨,2304088679,ㅈ
J,JACKSON VILLAGE,잭슨 빌리지,2305091940,ㅈ
J,JACQUEMUS,자크뮈스,2212074606,ㅈ
J,JACQUES MARIE,자크마리,2403121285,ㅈ
J,JAIN SONG,제인송,2301076307,ㅈ
J,JAJU,자주,1806002791,ㅈ
J,JANE PACKER Perfume,제인패커,2211071177,ㅈ
J,JANSPORT,잔스포츠,2212073895,ㅈ
J,JBL,제이비엘,2209066518,ㅈ
J,JE LA CONNAIS,쥬라꼬네,2405131939,ㅈ
J,JE NE SAIS QUOI,주느세콰,2301075863,ㅈ
J,JEAN PAUL GAULTIER,장 폴 고티에,2405131999,ㅈ
J,JECKERSON,제커슨,2405131994,ㅈ
J,JELLYCAT,젤리캣,2308099330,ㅈ
J,JENNIFER LOPEZ PERFUME,제니퍼로페즈 퍼퓸,2404125620,ㅈ
J,JENNIFER LOPEZ Perfume,제니퍼로페즈,2211071179,ㅈ
J,JERUSALEM SANDALS,예루살렘 샌들,2004016444,ㅇ
J,JILL STUART,질 스튜어트,2302079299,ㅈ
J,JIMMY CHOO,지미츄,2301077142,ㅈ
J,JM SOLUTION,제이엠솔루션,2302079376,ㅈ
J,JMW,제이엠더블유,2212073723,ㅈ
J,JOHN RICHMOND,존 리치몬드,2306094590,ㅈ
J,JOHN SMEDLEY,존스메들리,2301076001,ㅈ
J,JOHN VARVATOS,존 바바토스,2209064472,ㅈ
J,JOHN VARVATOS PERFUME,존바바토스,2307095787,ㅈ
J,JOHNSTONS OF ELGIN,존스톤스 오브 엘긴,2303081022,ㅈ
J,JOLYN,졸린,2404127200,ㅈ
J,JOSEPHT,조셉트,2301077013,ㅈ
J,JOSHUA SANDERS,조슈아샌더스,2301075996,ㅈ
J,JOTT,제이오티티,2304086726,ㅈ
J,JRILLA,제이릴라,2309102888,ㅈ
J,JUICE TO CLEANSE,쥬스투클렌즈,2302079380,ㅈ
J,JUICY COUTURE PARFUM,쥬시꾸뛰르,2308098320,ㅈ
J,JUL7ME,줄라이미,2303084143,ㅈ
J,JULIETTE HAS A GUN,줄리엣헤즈어건,2402118625,ㅈ
J,JUNECI,쥬네시,2206057444,ㅈ
J,JUNECI SPORTS CLUB,쥬네시 스포츠 클럽,2205055096,ㅈ
J,JUNG SAEM MOOL,정샘물,2211071236,ㅈ
J,JUNYA WATANABE,준야 와타나베,2303081167,ㅈ
J,JUST AS I AM,저스트 에즈 아이 엠,2206059061,ㅈ
J,JUUN.J,준지,2301077133,ㅈ
J,JW ANDERSON,제이더블유 앤더슨,2211070028,ㅈ
J,JW PEI,제이더블유 페이,2406134101,ㅈ
K,CRISTEL,크리스텔,2403122955,ㅋ
K,K-WAY,까웨,2305091046,ㄲ
K,KABINE,까비네,2207059770,ㄲ
K,KAHI,가히,2211071246,ㄱ
K,KaiCo,카이코,2312112299,ㅋ
K,Kalita,칼리타,2311109749,ㅋ
K,KANGOL,캉골,2212074090,ㅋ
K,KANTO,스튜디오 칸토,2403123759,ㅅ
K,KANUK,카눅,2311110711,ㅋ
K,KAOS,카오스,2405132029,ㅋ
K,KAPKA,캅카,2301077302,ㅋ
K,KAPPA,카파,2403121284,ㅋ
K,KARHU,카르후,2408143509,ㅋ
K,KARL LAGERFELD,칼라거펠트,2303085181,ㅋ
K,KARPOS,카르포스,2406134086,ㅋ
K,KAWAI,가와이,2212073198,ㄱ
K,KAWECO,카웨코,2212074087,ㅋ
K,KEEN,킨,2308099579,ㅋ
K,KELTY,켈티,2301075586,ㅋ
K,KENZO,겐조,2202049524,ㄱ
K,KERASTASE,케라스타즈,2206057363,ㅋ
K,KERMIT CHAIR,커밋체어,2301077244,ㅋ
K,KESTI,케스티,2309102290,ㅋ
K,KEY COFFEE,키커피,2312112300,ㅋ
K,KHAITE,케이트,2305090965,ㅋ
K,KHRISJOY,크리스조이,2303081166,ㅋ
K,KIMYUNG,기명,2108037883,ㄱ
K,KIMZISU,김지수,2202049876,ㄱ
K,KINDERSALMON,킨더살몬,1906008732,ㅋ
K,KINKIROBOT,킨키로봇,2109038847,ㅋ
K,KINTO,킨토,2311108137,ㅋ
K,KISSME,키스미,2305089939,ㅋ
K,KITON,키톤,2303081165,ㅋ
K,KJACQUES,케이자크,2405132020,ㅋ
K,KLAIRS,클레어스,2206057364,ㅋ
K,KLEMAN,클레망,2304086914,ㅋ
K,KNIRPS,크닙스,2404126509,ㅋ
K,KNOLL,놀,2302078464,ㄴ
K,KNWLS,노울스,2408144966,ㄴ
K,KODAK,코닥,2312113535,ㅋ
K,KOVEA,코베아,2403122344,ㅋ
K,koy,코이,2308100767,ㅋ
K,KOZIOL,코지올,2108037847,ㅋ
K,KSUBI,케이스비,2302079298,ㅋ
K,KUBORAUM,쿠보라움,2405131982,ㅋ
K,KULE,큘,2302077798,ㅋ
K,KUME,쿠메,2206057425,ㅋ
K,KUSMI TEA,쿠스미 티,2302078985,ㅋ
K,KYUKMUL GONGBOO,격물공부,2101026968,ㄱ
K,KYYB,킵,2208061924,ㅋ
L,L&C STENDAL,엘앤씨 스텐달,2303081966,ㅇ
L,L'AIR DE SAVON,레르 드 사봉,2304087273,ㄹ
L,L'Escape,레스케이프 호텔,2111043086,ㄹ
L,L'OCCITANE,록시땅,2206057351,ㄹ
L,LA BOITE,라 부아뜨,2102028759,ㄹ
L,LA BRUKET,라부르켓,2302077861,ㄹ
L,LA FILERIA,라 필러리아,2405132074,ㄹ
L,LA PERLA,라펠라,2403121283,ㄹ
L,LA PERVA,라페르바,10000003456,ㄹ
L,LA ROSE,라 로즈,2405132017,ㄹ
L,LA ROSEE,라 로제,2311110810,ㄹ
L,LA VARIETE,라 바이에떼,2302077934,ㄹ
L,LAB SERIES,랩 시리즈,2207061187,ㄹ
L,LACOSTE,라코스테,2212074310,ㄹ
L,LADOR,아도르,2211071229,ㅇ
L,LADY ANNE,레이디 앤,2405132075,ㄹ
L,LAGOM,라곰,2206057424,ㄹ
L,LALASUNNYSIDE,라라써니사이드,2206058118,ㄹ
L,LAMARZOCCO,라마르조코,2109039854,ㄹ
L,LAMBDA GOLF,람다골프,2206058767,ㄹ
L,LAMBERTO LOSANI,람베르토 로자니,2403121282,ㄹ
L,LAMY,라미,2111043087,ㄹ
L,LANCEL,란셀,2405132007,ㄹ
L,LANEIGE,라네즈,2301076521,ㄹ
L,LANSMERE,란스미어,2308101098,ㄹ
L,LANSMERE GOLF,란스미어 골프,2309103803,ㄹ
L,LANVIN,랑방,2301075998,ㄹ
L,LARDINI,라르디니,10000003432,ㄹ
L,LAROCHE,라로쉐,2308100556,ㄹ
L,LAUDAUM FROM SEA,로다움 프롬 씨,2201046196,ㄹ
L,LAURA MERCIER,로라 메르시에,2212074902,ㄹ
L,LAVA,라바,2301075576,ㄹ
L,LAVENHAM,라벤햄,2304087057,ㄹ
L,LAWN CHAIR,론체어,2301076793,ㄹ
L,LAZY SOCIETY,레이지소사이어티,2302079382,ㄹ
L,LE,르,2101027583,ㄹ
L,LE ABONNE,르아보네,2006018312,ㄹ
L,LE COUVENT,르쿠방,2304087729,ㄹ
L,LE CREUSET,르크루제,2011025144,ㄹ
L,LE GRAMME,르그램,2305091025,ㄹ
L,LE PARMENTIER,르파르멘티,2305091026,ㄹ
L,LECOQ SPORTIF,르꼬끄 스포르티브,2403123354,ㄹ
L,LEE,리,2405131978,ㄹ
L,LEFF AMSTERDAM,레프암스테르담,2305091690,ㄹ
L,LEGO,레고,2402120013,ㄹ
L,LEHA,레하,2302080054,ㄹ
L,LEICA,라이카,2108038124,ㄹ
L,LEKI,레키,2211072058,ㄹ
L,LEKUE,레쿠에,2308100561,ㄹ
L,LEMAIRE,르메르,2212074330,ㄹ
L,LEMOUTON,르무통,2302078288,ㄹ
L,LES DEUX,레듀,2405131984,ㄹ
L,LES KOO,레쿠,2110041232,ㄹ
L,LES VACANCES,레바캉스,1905008264,ㄹ
L,LESPORTSAC,레스포색,2301077211,ㄹ
L,LETAPE,레탑,2206058090,ㄹ
L,LEUNI,리유니,2005017487,ㄹ
L,LEVI`S,리바이스,2108037869,ㄹ
L,LG,엘지,2305091218,ㅇ
L,LIAIGRE,리에거,2109040120,ㄹ
L,LIBERAL YOUTH MINISTRY,리버럴 유스 미니스트리,2403121281,ㄹ
L,LIDO,리도,2403121280,ㄹ
L,LIEBHERR,리페르,2203050249,ㄹ
L,LIFE ARCHIVE,라이프 아카이브,1908009782,ㄹ
L,LIGHTNOW,라잇나우,2108038318,ㄹ
L,LIHAN,리한 한국도자기리빙,2405129113,ㄹ
L,LIHHAS,리하스,2302078176,ㄹ
L,LILA LOVES IT,릴라 러브스 잇,2402118558,ㄹ
L,LILYSHOE,릴리슈,2303081316,ㄹ
L,LINARI,리나리,2404128706,ㄹ
L,LINDEN LEAVES,린든리브즈,2211071248,ㄹ
L,LINGPET,링펫,2301077284,ㄹ
L,LITTLE STELLA,리틀스텔라,2004016294,ㄹ
L,LITTLE TINI,리틀티니,2009022341,ㄹ
L,LIU JO,리우조,2305091028,ㄹ
L,LIVIANA CONTI,리비아나 콘티,2401114308,ㄹ
L,LL BEAN,엘엘빈,2212074067,ㅇ
L,LOAKE,로크,1904007267,ㄹ
L,LOBSTER ROOM,랍스터룸,2203051779,ㄹ
L,LOCAL AUTHORITY,로컬 어쏘리티,2406134097,ㄹ
L,LOEWE,로에베,2212074317,ㄹ
L,LOEWE PERFUMES,로에베 퍼퓸,2403122352,ㄹ
L,logitech,로지텍,2204053653,ㄹ
L,LOIVIE,로이비,2008021728,ㄹ
L,LOMA,로마,2211071233,ㄹ
L,LONDONTRADITION,런던트레디션,1901005221,ㄹ
L,LONGCHAMP,롱샴,2212074326,ㄹ
L,LONGINES,론진,2212074325,ㄹ
L,LORENA ANTONIAZZI,로레나안토니아찌,2405132013,ㄹ
L,LORENZO VILLORESI,로렌조 빌로레시,2402120510,ㄹ
L,LORO PIANA,로로피아나,2212074316,ㄹ
L,LOUIS VUITTON,루이비통,2301075847,ㄹ
L,LOUISE MISHA,루이스미샤,2302079871,ㄹ
L,LOULOU STUDIO,라우라우 스튜디오,2401114306,ㄹ
L,LOVEFORTY,러브포티,2207060787,ㄹ
L,LOWA,로바,2211072078,ㄹ
L,LOWVIBE,로우바이브,2404125086,ㄹ
L,LSA,엘에스에이,2301076044,ㅇ
L,LUCELL,루셀,2108038319,ㄹ
L,LUCEPLAN,루체플랜,2303085123,ㄹ
L,LUMINOX,루미녹스,2212074329,ㄹ
L,LUMIR,루미르,2304088345,ㄹ
L,LUSH,러쉬,2110040574,ㄹ
L,LUV.M,러브엠,2402119834,ㄹ
L,LUVFUME,러퓸,2304088449,ㄹ
L,LVIR,르비에르,2101027582,ㄹ
L,L`H.A.S,르하스,2310107029,ㄹ
M,MAC,맥,2207061184,ㅁ
M,MACH&MACH,매치앤매치,2403121397,ㅁ
M,MACKAGE,맥카지,2210067984,ㅁ
M,MAD ABOUT MATS,매드어바웃매츠,2208062175,ㅁ
M,MADCATTOS,매드캐토스,2304086404,ㅁ
M,MADGOAT,매드고트,2401117634,ㅁ
M,MADPEACH,매드피치,2401117615,ㅁ
M,MAGDA BUTRYM,마그다뷰트림,2403121337,ㅁ
M,MAGIS,마지스,2405129110,ㅁ
M,MAGNANNI,맥나니,2302077731,ㅁ
M,MAISON DE THE,메종드떼,2301075883,ㅁ
M,MAISON DEUX,메종 듀,2305091694,ㅁ
M,MAISON KITSUNE,메종키츠네,2301075168,ㅁ
M,MAISON LABICHE,메종 라비쉬,2405132449,ㅁ
M,MAISON MARGIELA,메종마르지엘라,10000003436,ㅁ
M,MAISON MATINE,메종 마틴,2309102676,ㅁ
M,MAISON MICHEL PARIS,메종 미셸 파리,2301075293,ㅁ
M,MAISONMARAIS,메종마레,1811004102,ㅁ
M,MAJESTIC FILATURES,마제스틱필라쳐,2305091036,ㅁ
M,MAKE UP FOR EVER,메이크업포에버,2206057353,ㅁ
M,MAKEON,메이크온,2301076524,ㅁ
M,MALBON GOLF,말본골프,2303081015,ㅁ
M,MALIN+GOETZ,멜린앤게츠,2104031306,ㅁ
M,MALLANG PEACH,말랑피치,2005017463,ㅁ
M,MALO,말로,2403121339,ㅁ
M,MALONE SOULIERS,말론 슐저,2403121400,ㅁ
M,MAMACOMMA,마마콤마,2202047942,ㅁ
M,MAMONDE,마몽드,2301076523,ㅁ
M,MAN ON THE BOON,맨온더분,10000003431,ㅁ
M,MANDARINA DUCK,만다리나덕,2301076361,ㅁ
M,MANEBI,마네비,2401114296,ㅁ
M,MANHATTAN PORTAGE,맨하탄 포티지,2405131904,ㅁ
M,MANOLO BLAHINK,마놀로 블라닉,2305091032,ㅁ
M,MANOLO BLAHNIK,마놀라 블라닉,2303081186,ㅁ
M,MANSUR GAVRIEL,만수르 가브리엘,2303085180,ㅁ
M,MANUEL RITZ,마뉴엘리츠,2405131968,ㅁ
M,MANUELLE ET GUILLAUME,마누엘에기욤,2012025789,ㅁ
M,MARC JACOBS,마크제이콥스,2212074089,ㅁ
M,MARC JACOBS Perfume,마크제이콥스,2301076717,ㅁ
M,MARC LE BIHAN,마크르비앙,2406134108,ㅁ
M,MARCELO BURLON,마르셀로불론,2301075991,ㅁ
M,MARGARET HOWELL,마가렛 호웰,2305091031,ㅁ
M,MARGAUX LONNBERG,마고 론베르그,2406134115,ㅁ
M,MARINE SERRE,마린세르,2301077063,ㅁ
M,MARJA KURKI,마리아꾸르끼,2303082653,ㅁ
M,MARK&LONA,마크앤로나,2009022352,ㅁ
M,MARNI,마르니,10000003434,ㅁ
M,MARSELL,마르셀,2303081013,ㅁ
M,MARSELL GOMME,마르셀 고메,2303081014,ㅁ
M,MARSHALL,마샬,2301077289,ㅁ
M,MASAHIRO MARUYAMA,마사히로 마루야마,2405132453,ㅁ
M,MASNADA,마스나다,2405132042,ㅁ
M,MASSIMO PIOMBO,마시모 피옴보,2403121279,ㅁ
M,MASTERMIND,마스터마인드,2301077066,ㅁ
M,MATSUDA,마츠다,2405132039,ㅁ
M,MATTE BLACK COFFEE,매트블랙커피,2209065848,ㅁ
M,MAUI JIM,마우이짐,2405131987,ㅁ
M,MAUVIEL,모비엘,2404127397,ㅁ
M,MAX MARA,막스마라,2212074607,ㅁ
M,MAXIM’S DE PARIS,맥심 드 파리,2305091992,ㅁ
M,MAYGEL CORONEL,메이겔 코로넬,2406135510,ㅁ
M,MC2 SAINT BARTH,세인트 바쓰,2401114286,ㅅ
M,MCM,엠씨엠,2301076360,ㅇ
M,MDGT,엠디지티,1906008410,ㅇ
M,MEDIPEEL,메디필,2407137774,ㅁ
M,MEDUSE,메듀즈,2212074093,ㅁ
M,MELISSA,멜리사,2303081625,ㅁ
M,Melitta,멜리타,2312112293,ㅁ
M,MELITTA BAUMEISTER,멜리타 바우마이스터,2405131971,ㅁ
M,MEMO,메모,2001013113,ㅁ
M,MERCEDES BENZ PERFUME,메르세데스 벤츠,2307095811,ㅁ
M,METALGIENCHI,메탈젠치,2403121278,ㅁ
M,MEUNDER,미언더,2401115530,ㅁ
M,MGMC,엠지엠씨,2302078263,ㅇ
M,MICHAEL KORS,마이클 코어스,2212074083,ㅁ
M,MICHAEL KORS PERFUME,마이클코어스 퍼퓸,2305091914,ㅁ
M,MICHEL HERBELIN,미쉘에블랑,2208063083,ㅁ
M,MICROSOFT,마이크로소프트,2305091220,ㅁ
M,MIDO,미도,2212074148,ㅁ
M,MIELE,밀레,2207060163,ㅁ
M,MIHARA YASUHIRO,미하라 야스히로,2212074177,ㅁ
M,MiiR,미르,2311107944,ㅁ
M,MIKO,미꼬,2212074809,ㅁ
M,MILES AND MILES AND MILES,마일즈 앤 마일즈 앤 마일즈,2207060146,ㅁ
M,MILLU,밀루,2312113585,ㅁ
M,MILMA,밀마,1811004111,ㅁ
M,MIMISOL KIDS,미미솔,2301075815,ㅁ
M,MINI KYOMO,미니 쿄모,2403121435,ㅁ
M,MINI RODINI,미니로디니,2212074143,ㅁ
M,MIRO,미로,2301076091,ㅁ
M,MISHA&PUFF,미샤앤퍼프,2402118643,ㅁ
M,MISSONI,미쏘니,2304086915,ㅁ
M,MIU MIU,미우미우,2212074612,ㅁ
M,MIYERH,미예르,1811004190,ㅁ
M,MIZUNO,미즈노,2306093039,ㅁ
M,MODES GARMENTS,모데스 가먼츠,2405132050,ㅁ
M,MOLI@LIMO,몰리리모,2405132004,ㅁ
M,MOLLIOLLI,몰리올리,2207061022,ㅁ
M,MOLO,몰로,2403121330,ㅁ
M,MOLPIN,몰핀,2108037857,ㅁ
M,MOLSION,몰숀,2301076750,ㅁ
M,MOMENTI,모멘티,2108037842,ㅁ
M,MONCHOUCHOU,몽슈슈,2206059136,ㅁ
M,MONCLER,몽클레어,2212074103,ㅁ
M,MONCLER KIDS,몽클레르 키즈,2301075703,ㅁ
M,MONDAINE,몬데인,2212074098,ㅁ
M,MONNALISA,모나리자,2403121340,ㅁ
M,MONO DESIGN EYEWEAR,모노디자인 아이웨어,2303084525,ㅁ
M,MONPLISSE,몽플리쎄,2306093554,ㅁ
M,MONTBELL,몽벨,2207059767,ㅁ
M,MONTBLANC,몽블랑,2212074102,ㅁ
M,MONTECORE,몬테꼬레,2301076006,ㅁ
M,MOON CHOI,문초이,2005017158,ㅁ
M,MOON J,문제이,1811004103,ㅁ
M,MOORER,무레르,2302077787,ㅁ
M,MOOSE KNUCKLES,무스너클,2303081318,ㅁ
M,MORAKNIV,모라나이프,2201047715,ㅁ
M,MORDECAI,모데카이,2406134123,ㅁ
M,MOREJOY,모어조이,2312112294,ㅁ
M,MORESCHI,모레스키,2405132010,ㅁ
M,MOROCCAN OIL,모로칸 오일,2311108062,ㅁ
M,MOSCHINO,모스키노,2212074097,ㅁ
M,MOSCHINO KIDS,모스키노 키즈,2211072195,ㅁ
M,MOSCHINO Perfume,모스키노,2301076668,ㅁ
M,MOSHI,모쉬,2302079930,ㅁ
M,Mosser Glass,모서글라스,2307096558,ㅁ
M,MOTHER,마더,2305091034,ㅁ
M,MOU,모우,2403121399,ㅁ
M,MOUNTAIN RESEARCH,마운틴 리서치,2401114314,ㅁ
M,MOUNTAINROVER,마운틴로버,2208063565,ㅁ
M,MOUSTACHE,무스타슈,2307096614,ㅁ
M,MOVITRA,모비트라,2405132451,ㅁ
M,MR MARIA,미스터 마리아,2305091689,ㅁ
M,MR&MRS ITALY,미스터 앤 미세스 이태리,2301075278,ㅁ
M,MR. LEIGHT,미스터 라이트,2405131989,ㅁ
M,MSGM,엠에스지엠,2205055919,ㅇ
M,MSKN2ND,문수권세컨,2110040281,ㅁ
M,MSR,엠에스알,2206058627,ㅇ
M,MUDE,뮤드,2302079350,ㅁ
M,MUGLER,뮈글러,2312112433,ㅁ
M,MULBERRY,멀버리,2212074092,ㅁ
M,MUNDER-EMAIL,뮌더에마일,2307096543,ㅁ
M,MUNSINGWEAR,먼싱웨어,2302078027,ㅁ
M,MUSEE,뮤제,1811004107,ㅁ
M,MUSTELA,무스텔라,2301075885,ㅁ
M,MVP WARDROBE,엠브이피 워드로브,2401114326,ㅇ
M,MY BEACHY SIDE,마이 비치 사이드,2406134109,ㅁ
M,MY OWN PRIVATE,마이온프라이빗,2207061003,ㅁ
M,MYSTERY RANCH,미스터리 렌치,2301076935,ㅁ
M,MZUU,엠주,1811004130,ㅇ
N,N.C.P.,엔시피,2208063636,ㅇ
N,NALGENE,날진,2206058609,ㄴ
N,NAMACHEKO,나마체코,2406135511,ㄴ
N,NAMING,네이밍,2211071242,ㄴ
N,NANAMICA,나나미카,2302080319,ㄴ
N,NANUSHKA,나누슈카,2301075249,ㄴ
N,NAPAPIJRI,나파피리,2212073509,ㄴ
N,NARCISO RODRIGUEZ Perfume,나르시소 로드리게즈,2211071174,ㄴ
N,NARS,나스,2206057347,ㄴ
N,NATASHA ZINKO,나타샤진코,2305091005,ㄴ
N,NATIVE,네이티브,2311110712,ㄴ
N,NEAL'S YARD REMEDIES,닐스야드 레머디스,2302078254,ㄴ
N,NEEDLE & THREAD,니들앤스레드,2305091007,ㄴ
N,NEEDLES,니들즈,2212074291,ㄴ
N,NEIL BARRETT,닐바렛,2301075983,ㄴ
N,NEMEN,네멘,2303082826,ㄴ
N,NEMO equipment,니모 이큅먼트,2210067687,ㄴ
N,NENSI DOJAKA,넨시 도자카,2403121341,ㄴ
N,NEPA,네파,2408143279,ㄴ
N,NESCAFE DOLCE GUSTO,네스카페 돌체구스토,2301076131,ㄴ
N,NEUTE,누트,2006018943,ㄴ
N,NEW BALANCE,뉴발란스,2301075994,ㄴ
N,NEWERA,뉴에라,2308100133,ㄴ
N,NEXTIME,넥스타임,2108037843,ㄴ
N,NICCOLO PASQUALETTI,니콜로 파스콸레티,2406134091,ㄴ
N,NICKY,니키,2403121342,ㄴ
N,NICOLAI,니콜라이,2304087728,ㄴ
N,NIKE,나이키,2301076332,ㄴ
N,Nikon,니콘,2201047220,ㄴ
N,NINTENDO,닌텐도,2109038850,ㄴ
N,NOBIS,노비스,2008020648,ㄴ
N,Noda Horo,노다호로,2311110175,ㄴ
N,NOHANT,노앙,2108038374,ㄴ
N,NOHRD,노르드,2301077652,ㄴ
N,NOIR KEI NINOMIYA,누아 케이 니노미야,2406134080,ㄴ
N,NOME,놈,2405132036,ㄴ
N,NOMON,노몬,2312113571,ㄴ
N,NOMOREBAGELSCORE,노모어베이글스코어,2209065359,ㄴ
N,NOMOS,노모스,2212074290,ㄴ
N,NORTH FACE PURPLE LABEL,노스페이스 퍼플라벨,2301076933,ㄴ
N,NOSTRASANTISSIMA,노스트라싼티시마,2405132033,ㄴ
N,NOTES DU NORD,노트 뒤 노르드,2406134120,ㄴ
N,notNeutral,낫뉴트럴,2311109748,ㄴ
N,NOTSEEBACK,낫씨백,2302079374,ㄴ
N,NOVESTA,노베스타,2211070804,ㄴ
N,NPS,NPS,2312111082,N
N,NSWE,느쉐,2406137051,ㄴ
N,NUDIE JEAN,누디진,2302077795,ㄴ
N,NYLORA,나일로라,2308100735,ㄴ
N,N°21,누메로벤투노,2312112420,ㄴ
N,THE NORTH FACE,노스페이스,2301076334,ㄴ
O,1O7,원오세븐,2302079379,ㅇ
O,OAKLEY,오클리,2301076748,ㅇ
O,OAMC,오에이엠씨,2304087069,ㅇ
O,OBAKU,오바쿠,2212074072,ㅇ
O,OBERWERTH,오버베르트,2302079927,ㅇ
O,OBEY,오베이,2307095548,ㅇ
O,OBIDI,오비디,2405132458,ㅇ
O,ODEAR,오데어,2302080242,ㅇ
O,ODENSE,오덴세,2212073189,ㅇ
O,ODYSSEY,오딧세이,2301076526,ㅇ
O,OFF-WHITE,오프화이트,2402118141,ㅇ
O,OFRA,오프라,2211071223,ㅇ
O,OHUI,오휘,2407137773,ㅇ
O,OLAPLEX,올라플렉스,2403121769,ㅇ
O,OLEND,올렌드,2403121713,ㅇ
O,OLIVER&KYLE,올리버앤카일,2402120302,ㅇ
O,OLIVIA BURTON,올리비아 버튼,2212073866,ㅇ
O,OMEGA,오메가,2212074071,ㅇ
O,OMY,오마이,2108037852,ㅇ
O,ONE THING,원씽,2211071249,ㅇ
O,ONEILL,오닐,2108037882,ㅇ
O,ONITSUKA TIGER,오니츠카타이거,2401114315,ㅇ
O,ONOFF,온오프,2209066571,ㅇ
O,ONOMA,오노마,2007019524,ㅇ
O,OOF,오오에프,2406135489,ㅇ
O,OOFOS,우포스,2303084267,ㅇ
O,OOPARTS,오파츠,2108037866,ㅇ
O,OPAAAP,오파프,2203051016,ㅇ
O,OPEN GALLERY,오픈갤러리,2110041233,ㅇ
O,OPENING CEREMONY,오프닝세레머니,2301076003,ㅇ
O,OPNEG,오프넥,2302080952,ㅇ
O,OPPIDUM,오피덤,2405129383,ㅇ
O,OPTICAL W,옵티컬 W,2302079307,ㅇ
O,OPTODESIGN,옵토디자인,2212073133,ㅇ
O,OR-FIUME,올피움,2112045147,ㅇ
O,ORCIANI,오르치아니,2305090953,ㅇ
O,ORIGAMI,오리가미,2312111083,ㅇ
O,ORIGINAL DUCKHEAD,오리지널 덕헤드,2404128043,ㅇ
O,ORIS,오리스,2212074069,ㅇ
O,ORTHOMOL,오쏘몰,2306093268,ㅇ
O,ORTIGNI,오띠니,2305090952,ㅇ
O,OTHERMARS,아더마스,2402118815,ㅇ
O,OUATE,와뜨,2404128345,ㅇ
O,OUI MAIS NON,위메농,2108038011,ㅇ
O,OUR LEGACY,아워레가시,2301076317,ㅇ
O,OWOC,오더블유오씨,2207059609,ㅇ
P,PACCBET,라스벳,2401114311,ㄹ
P,PACO RABANNE,파코라반,2312112421,ㅍ
P,PACSAFE,팩세이프,2306092248,ㅍ
P,PAGE,페이지,2006018561,ㅍ
P,PAGE MAIL,페이지메일,2006019118,ㅍ
P,PALM ANGELS,팜엔젤스,2301077129,ㅍ
P,PANACHE CHASUNYOUNG,파니쉬 차선영,2212074814,ㅍ
P,PANDORA,판도라,2111042284,ㅍ
P,PANGAIA,판가이아,2311108707,ㅍ
P,PANTHEONE,판테온,2108037874,ㅍ
P,PAOLO PECORA,파올로 페코라,2305090971,ㅍ
P,PAOLONI,파올로니,2405132448,ㅍ
P,PAR AVION,파르아비옹,2301076344,ㅍ
P,PARABOOT,파라부트,2212074138,ㅍ
P,PARAJUMPERS,파라점퍼스,2212074139,ㅍ
P,PARIS TEXAS,파리텍사스,2303085182,ㅍ
P,PARKER,파카,2407138607,ㅍ
P,PARNELL,파넬,2302079352,ㅍ
P,PAROSH,파로쉬,2303085183,ㅍ
P,PARTEZ,파르테즈,2408143536,ㅍ
P,PATAGONIA,파타고니아,2301076342,ㅍ
P,PATOU,파투,2312112417,ㅍ
P,PATRIZIA PEPE,파트리지아 페페,2305090974,ㅍ
P,PAUL & JOE,폴앤조,2404128707,ㅍ
P,PAUL SMITH,폴스미스,10000005962,ㅍ
P,PAULBRIAL,폴브리알,2212074175,ㅍ
P,PAURA,파울라,2406135490,ㅍ
P,PAUSE PLEASE,퍼즈플리즈,2212072878,ㅍ
P,PDF,피디에프,2405131966,ㅍ
P,PEBBLY,페블리,2212072748,ㅍ
P,PECES,페세스,2304087689,ㅍ
P,PEDRO GARCIA,패드로 가르시아,2301075530,ㅍ
P,PENDLETON,펜들턴,2209065865,ㅍ
P,PENINSULA,페닌슐라,2405132009,ㅍ
P,PEOPLE,피플,2405132062,ㅍ
P,PEPI,페피,2407141360,ㅍ
P,PERFECT MOMENT,퍼펙트모멘트,2403121277,ㅍ
P,PERLUCINE,펄루신,2408142108,ㅍ
P,PERSOL,페르솔,2405131985,ㅍ
P,PESERICO,페세리코,2401114299,ㅍ
P,PETER AND MAY,피터 앤 메이,2405132446,ㅍ
P,PETIMENTO,페티멘토,2406137070,ㅍ
P,PEUTEREY,페트레이,2212074145,ㅍ
P,PHILIPP PLEIN,필립플레인,1912012877,ㅍ
P,PHILIPP PLEIN GOLF,필립플레인 골프,2203050030,ㅍ
P,PHILIPPE MODEL,필립모델,2312112441,ㅍ
P,PHILIPS,필립스,2406135062,ㅍ
P,PHILOSOFIE,필로소피,2305090980,ㅍ
P,PHILOSOPHY DI LORENZO SERAFINI,필라소피 디 로렌조 세라피니,2401114301,ㅍ
P,PHYTO5,피토5,2208061923,ㅍ
P,PHYTOMER,피토메르,2304087727,ㅍ
P,PIACENZA,피아첸자,2111042417,ㅍ
P,PIEGA,피에가,2305090243,ㅍ
P,PIERRE BALMAIN,피에르발망,2301076014,ㅍ
P,PIERRE HARDY,피에르하디,2301075999,ㅍ
P,PINKO,핀코,2301075995,ㅍ
P,PINZLE,핀즐,2201046352,ㅍ
P,PLACKERS,플랙커스,2305089823,ㅍ
P,PLAYFOREVER,플레이포에버,2108037853,ㅍ
P,PLAYMOBIL,플레이모빌,2108037854,ㅍ
P,PLAYSTATION,플레이스테이션,2109038895,ㅍ
P,PLEATS PLEASE,플리츠플리즈,2312111607,ㅍ
P,PLEUVOIR,플르부아,2301075621,ㅍ
P,PLUSMINUSZERO,플러스마이너스제로,2108037875,ㅍ
P,Pocket Bed,포켓베드,2301076040,ㅍ
P,POIRET,뽀아레 뷰티,2102028341,ㅃ
P,POKETLE,포케틀,2312111084,ㅍ
P,Polaroid,폴라로이드,2201047222,ㅍ
P,POLAROID EYEWEAR,폴라로이드,2302079306,ㅍ
P,POLICE,폴리스 아이웨어,2305091195,ㅍ
P,POLO RALPHLAUREN,폴로랄프로렌,2301077062,ㅍ
P,PORLEX,포렉스,2312112301,ㅍ
P,PORSCHE DESIGN,포르쉐디자인,2406134073,ㅍ
P,PORT MAYNE,포트메인,2112045906,ㅍ
P,PORTER,포터,2004016289,ㅍ
P,POST ARCHIVE FACTION PAF,포스트아카이브팩션,2406134087,ㅍ
P,POSTMAN,포스트맨,2212073872,ㅍ
P,PRADA,프라다,2211072191,ㅍ
P,PRANAROM,프라나롬,2302079349,ㅍ
P,PREMIATA,프리미아타,2206058138,ㅍ
P,PRESSENCE,프레센스,2311110177,ㅍ
P,PRIMERA,프리메라,2206057366,ㅍ
P,PRIMUS,프리머스,2208063564,ㅍ
P,PRINT BAKERY,프린트베이커리,2003015245,ㅍ
P,PROENZA SCHOULER,프로엔자슐러,2301075661,ㅍ
P,PROGRADE,프로그레이드,2302079926,ㅍ
P,PROGRESS,프로그레스,2206058841,ㅍ
P,PROJEKT PRODUKT,프로젝트 프로덕트,1904007213,ㅍ
P,PROSPECS,프로스펙스,2310105702,ㅍ
P,PT TORINO,피티토리노,2201046529,ㅍ
P,PUMA,푸마,2301076343,ㅍ
P,PURAAI,푸라이,2406134121,ㅍ
P,PURPLE BRAND,퍼플 브랜드,2401114312,ㅍ
P,PXG,피엑스지,2212072732,ㅍ
Q,QUA-T,콰티,2302079357,ㅋ
Q,QUARTZ,쿼츠,2402118850,ㅋ
Q,QUIKSILVER,퀵실버,2301076022,ㅋ
R,R13,알썰틴,2301075620,ㅇ
R,RAAWII,라위,2301077301,ㄹ
R,RAB,랩,2206058617,ㄹ
R,RACHEL COX,레이첼 콕스,2302078941,ㄹ
R,RADO,라도,2212074309,ㄹ
R,RAF SIMONS,라프시몬스,2301075993,ㄹ
R,RAINBOW SANDALS,레인보우 샌들,2405131945,ㄹ
R,RALPH LAUREN FRAGRANCES,랄프 로렌,2308098322,ㄹ
R,RALPH LAUREN KIDS,랄프로렌 키즈,2302078641,ㄹ
R,RAMPAL LATOUR,랑팔라투르,2402118150,ㄹ
R,RANDOM IDENTITIES,랜덤 아이덴티티,2403121276,ㄹ
R,RAW TO RAW,로우투로우,1811004116,ㄹ
R,RAWROW,로우로우,1906008731,ㄹ
R,RAYBAN,레이밴 아이웨어,2301076747,ㄹ
R,RE/DONE,리던,2305091027,ㄹ
R,REBECCA MINKOFF,레베카밍코프,2302077833,ㄹ
R,RECTO,렉토,1811004105,ㄹ
R,RED VALENTINO,레드발렌티노,2305091020,ㄹ
R,REEBOK,리복,2302077831,ㄹ
R,REEF,리프,2308100136,ㄹ
R,REFORMATION,리포메이션,2305089033,ㄹ
R,REIKE NEN,레이크넨,1811004126,ㄹ
R,REKKEN,렉켄,2303081496,ㄹ
R,RENE CAOVILLA,르네 카오빌라,2403121482,ㄹ
R,RENE FURTERER,르네휘테르,2206057352,ㄹ
R,REPETTO,레페토,1902005933,ㄹ
R,REPLAIN,리플레인,2001013584,ㄹ
R,REPRESENT,리프리젠트,2302078283,ㄹ
R,REPRODUCTION OF FOUND,리프로덕션 오브 파운드,2405131943,ㄹ
R,REQINS,흐꺙,2301076798,ㅎ
R,RETROSUPERFUTURE,레트로슈퍼퓨처,2405131993,ㄹ
R,REUZEL,리우젤,2302079385,ㄹ
R,REV,레브,2405132055,ㄹ
R,REVERES 1949,리버스1949,2403121275,ㄹ
R,RHEEMIN,리민,2202047964,ㄹ
R,RHOMBUS,롬버스,2301077441,ㄹ
R,RICK OWENS,릭 오웬스,2103029014,ㄹ
R,RIESS,리스,2210068327,ㄹ
R,RITZENHOFF,리첸호프,2108037848,ㄹ
R,RIVERS,리버스,2312111085,ㄹ
R,ROBERTA PIERI,로베르타 피에리,2207059995,ㄹ
R,ROBERTO CAVALLI,로베르토 카발리,2312112434,ㄹ
R,ROBERTO COLLINA,로베르토 콜리나,2401114297,ㄹ
R,ROCCAT,로캣,2305091224,ㄹ
R,ROCHAS,로샤스,2312112439,ㄹ
R,RODEBJER,로데브예,2405132059,ㄹ
R,ROEBENHOFF,레벤호프,2210068332,ㄹ
R,ROGER VIVIER,로저비비에,2212074318,ㄹ
R,ROHE,로에,2405132071,ㄹ
R,ROM&ND,롬앤,2211071235,ㄹ
R,ROMMELSBACHER,롬멜스바흐,2302079341,ㄹ
R,ROOM COPENHAGEN,룸 코펜하겐,2201047365,ㄹ
R,ROOTON,루톤,2307098217,ㄹ
R,RoseeDor,로제도르,2306093697,ㄹ
R,ROSEMONT,로즈몽,2208063078,ㄹ
R,ROTATE,로테이트,2301075254,ㄹ
R,ROTOTO,로토토,2405131979,ㄹ
R,ROWEN ROSE,로웬 로즈,2405131972,ㄹ
R,ROXY,록시,2301076086,ㄹ
R,ROY ROGERS,로이로져스,2405131976,ㄹ
R,RUE DE VERNEUIL,휘드베르누이,2302080592,ㅎ
R,RUSLAN BAGINSKIY,루슬란바진스키,2401114302,ㄹ
R,RVCA,루카,2308100784,ㄹ
S,DONG-A PHARM,셀파렉스,2408142130,ㅅ
S,S.T. DUPONT,듀퐁,2301076749,ㄷ
S,SABORINO,사보리노,2306093509,ㅅ
S,SABRE,사브르,2301076048,ㅅ
S,SACAI,사카이,2001013491,ㅅ
S,SAINT JAMES,세인트제임스,2212074202,ㅅ
S,SAINT LAURENT,생로랑,2212074614,ㅅ
S,SAINT SNEAKERS,세인트 스니커즈,2406134074,ㅅ
S,SALOMON,살로몬,2301075207,ㅅ
S,SALONI,살로니,2401114313,ㅅ
S,SALT WATER,솔트워터,2212074208,ㅅ
S,SALVATORE PICCOLO,살바토레 피콜로,2403121274,ㅅ
S,SALVATORE SANTORO,살바토레 산토로,2403121484,ㅅ
S,SAMSUNG,삼성전자,2304087277,ㅅ
S,SanDisk,샌디스크,2201047221,ㅅ
S,Santa Maria Novella,산타마리아노벨라,10000003452,ㅅ
S,SANTONI,산토니,2305090940,ㅅ
S,SARA ROKA,사라로카,2406134110,ㅅ
S,SAVE THE DUCK,세이브 더 덕,2006019087,ㅅ
S,SAXX,삭스,2402118143,ㅅ
S,SCAN PAN,스칸팬,2403121452,ㅅ
S,SCARPA,스카르파,2204053306,ㅅ
S,SCHIEK,쉬크,2308100134,ㅅ
S,SEA NY,씨뉴욕,2301075623,ㅆ
S,SEAFOLLY,씨폴리,2404127201,ㅆ
S,SEASE,씨세,2405132057,ㅆ
S,SEBAGO,세바고,2401114325,ㅅ
S,SECRET PON PON,시크릿 폰 폰,2406134116,ㅅ
S,See by Chloé,씨바이끌로에,2212074055,ㅆ
S,SEIKO,세이코,2212074199,ㅅ
S,SELETTI,셀레티,2305091691,ㅅ
S,SELF-PORTRAIT,셀프 포트레이트,2004016447,ㅅ
S,SELK'BAG,셀크백,2301075504,ㅅ
S,SELMO,셀모,2302078073,ㅅ
S,SEMICOUTURE,세미꾸뛰르,2305090938,ㅅ
S,SEOUL METAL,서울메탈,2108037888,ㅅ
S,SERAX,세락스,2301076045,ㅅ
S,SERENGETI,세렝게티,2405132019,ㅅ
S,SERGIO ROSSI,세르지오 로시,2305090939,ㅅ
S,SEWING BOUNDARIES,소윙바운더리스,1902006148,ㅅ
S,SHARKNINJA,샤크닌자,2306093458,ㅅ
S,SHELL,쉘,2303084163,ㅅ
S,SHIFT.G,시프트지,2305091468,ㅅ
S,SHINSEGAE GALLERY,신세계갤러리,2203051017,ㅅ
S,SHISEIDO,시세이도,2206057358,ㅅ
S,SIEDRES,시에드레스,2405132037,ㅅ
S,SIMIHAZE BEAUTY,시미헤이즈 뷰티,2406134141,ㅅ
S,SIMPLEHUMAN,심플휴먼,2108037844,ㅅ
S,SISLEY,시슬리,2206057359,ㅅ
S,SISOLOGY,시스올로지,2308098356,ㅅ
S,SIWY,씨위,2302077830,ㅆ
S,SIYU,시위,2405132457,ㅅ
S,SKAGEN,스카겐,2401115325,ㅅ
S,SKALL STUDIO,스칼 스튜디오,2406134125,ㅅ
S,SKECHERS,스케쳐스,2403123511,ㅅ
S,SKILL&GENES,스킬앤진스,2406134126,ㅅ
S,SKINOPURE,스키노퓨어,2309102679,ㅅ
S,SKORPIOS,스콜피오스,2406135512,ㅅ
S,SLOWER,슬로워,2208061553,ㅅ
S,SNKZ,스니커즈,2405131975,ㅅ
S,SNOW PEAK,스노우 피크,2102028857,ㅅ
S,SOEUR,쉐르,2112045260,ㅅ
S,SOFIE D’HOORE,소피 드후레,2405131967,ㅅ
S,SOMINO,소미노,2404128708,ㅅ
S,SONGZIO,송지오,2402118063,ㅅ
S,SONIA RYKIEL,소니아리키엘,2301076746,ㅅ
S,SONRISA,손리사,2406134093,ㅅ
S,SONY,소니,2010023539,ㅅ
S,SOO ADOR,수아도르,2211071228,ㅅ
S,SORELLE PEREGO,소렐레 페레고,2405132032,ㅅ
S,SORTIE,솔티,2004016719,ㅅ
S,SOXOVERWHATEVER,싹스오버왓에버,2207060895,ㅆ
S,SPALWART,스파워트,2212074053,ㅅ
S,SPEEDO,스피도,2404127202,ㅅ
S,SPORTY&RICH,스포티앤리치,2211072190,ㅅ
S,SPRAYGROUND,스프레이그라운드,2210066689,ㅅ
S,SPYDER,스파이더,2301076254,ㅅ
S,ST ANDREWS,세인트앤드류스,2202049846,ㅅ
S,Stadler Form,스테들러폼,2203050251,ㅅ
S,STAND STUDIO,스탠드 스튜디오,2301076400,ㅅ
S,STANLEY,스탠리,2108037889,ㅅ
S,STARBUCKS,스타벅스,2301076553,ㅅ
S,STAUB,스타우브,2207060701,ㅅ
S,STAUD,스타우드,2212074263,ㅅ
S,STAYGEM,스테이잼,2302079198,ㅅ
S,STEELDBELLUCA,스틸디벨루카,2208063811,ㅅ
S,STEFAN BRANDT,스테판 브란트,2405132021,ㅅ
S,STELLA McCARTNEY,스텔라맥카트니,10000041642,ㅅ
S,STIGMA,스티그마,2207060994,ㅅ
S,STILA,스틸라,2211071234,ㅅ
S,STONE ISLAND,스톤아일랜드,2212074623,ㅅ
S,STONE ISLAND KIDS,스톤 아일랜드 키즈,2301075831,ㅅ
S,STONEHENgE,스톤헨지,2304086807,ㅅ
S,STORM LONDON,스톰 런던,2201046392,ㅅ
S,STUART WEITZMAN,스튜어트 와이츠먼,2301075286,ㅅ
S,STUDENTS GOLF,스튜던트골프,2212073685,ㅅ
S,STUDIO & PARC,스튜디오앤파르크,2204054283,ㅅ
S,STUDIO B3,스튜디오 비쓰리,2406135491,ㅅ
S,STUDIO NICHOLSON,스튜디오 니콜슨,2301075521,ㅅ
S,STUDIO TOMBOY,스튜디오 톰보이,1903006496,ㅅ
S,STUSSY,스투시,2301077111,ㅅ
S,STYLUS,스타일러스,2306093698,ㅅ
S,SUBLIMIC,서브리믹,2211071225,ㅅ
S,SUBU,스부,2301076919,ㅅ
S,SUCRETTE,수크레테,2405132051,ㅅ
S,SUEL,수엘,2302079199,ㅅ
S,SUISAI,수이사이,2302079346,ㅅ
S,SULWHASOO,설화수,2401115327,ㅅ
S,SUM37°,숨37,2407141306,ㅅ
S,SUMMER'S EVE,썸머스이브,2304087274,ㅆ
S,SUN 68,썬68,2305090998,ㅆ
S,SUN DOES MATTER,선더즈매터,2209065211,ㅅ
S,SUNDEK,선덱,2405132022,ㅅ
S,SUNFLOWER,썬플라워,2303083214,ㅆ
S,SUNLOVE,썬러브,2401116893,ㅆ
S,SUNNEI,써네이,2301075266,ㅆ
S,SUPER BLOND,슈퍼 블론드,2405132456,ㅅ
S,SUPER FEET,슈퍼핏,2209065459,ㅅ
S,SUPER73,슈퍼73,2109040029,ㅅ
S,SUPERGA,수페르가,2405131941,ㅅ
S,SUPREME,슈프림,2301076336,ㅅ
S,SUUNTO,순토,2212074036,ㅅ
S,SW19,에스더블유19,2206058136,ㅇ
S,SWAROVSKI,스와로브스키,2307095294,ㅅ
S,SWIFFY,스위피,2301077285,ㅅ
S,SWISS PERFECTION,스위스퍼펙션,2102028044,ㅅ
S,SYLVIE SCHIMMEL,실비쉬멜,2403121272,ㅅ
S,SYNC,싱크,2206058817,ㅅ
T,T.A.O,타오,2303081023,ㅌ
T,TACH CLOTHING,타치 클로딩,2301075267,ㅌ
T,TAG HEUER,태그호이어,2212074119,ㅌ
T,TAION,타이온,2310105734,ㅌ
T,Takahiro,다카히로,2312112292,ㄷ
T,TAMIYA,타미야,2408145337,ㅌ
T,TAMMY&BENJAMIN,타미앤벤자민,2301076000,ㅌ
T,TANGENT GC,탄젠트 GC,2301075882,ㅌ
T,TANI by MINETANI,타니바이미네타니,1903006882,ㅌ
T,TANZPLAY,탄츠플레이,2211072106,ㅌ
T,TARTINE ET CHOCOLAT,타티네쇼콜라,2405132027,ㅌ
T,TATRAS,타트라스,1912012470,ㅌ
T,TAW&TOE,토앤토,2307097503,ㅌ
T,TAYLORMADE,테일러메이드,2209066243,ㅌ
T,TAZE,테이즈,1905007867,ㅌ
T,TEA COLLECTIVE,티컬렉티브,2404128667,ㅌ
T,TECNODIDATTICA,테크노디다티카,2209065661,ㅌ
T,TEDDY & MINOU,테디 앤 미노우,2405132060,ㅌ
T,TEFAL,테팔,2301077249,ㅌ
T,TEKLA,테클라,2304086924,ㅌ
T,TELIC,텔릭,2304087155,ㅌ
T,TEMBEA,템베아,2310104987,ㅌ
T,TEN C,텐씨,2212074624,ㅌ
T,Tenui,테누이,2404128668,ㅌ
T,TEQOYA,테코야,2301076087,ㅌ
T,TEVA,테바,2304087059,ㅌ
T,THALASPA,딸라스파,2406134136,ㄸ
T,THANN,탄,2404128346,ㅌ
T,THE ALPHABET,디 알파벳,2405132011,ㄷ
T,THE ATTICO,더 아티코,2305091010,ㄷ
T,THE BODY SHOP,더바디샵,2211071231,ㄷ
T,THE CLOISTER,더 클로이스터,2402120383,ㄷ
T,THE DUST COMPANY,더 더스트 컴퍼니,2305091009,ㄷ
T,THE JOSUN HOTEL,더조선호텔,2011024928,ㄷ
T,THE NINA STUDIO,더 니나 스튜디오,2405132445,ㄷ
T,THE ORDINARY,디오디너리,2206057349,ㄷ
T,THE SADDLER,새들러,2403121271,ㅅ
T,THE SAEM,더샘,2401117686,ㄷ
T,THE SALVAGES,더 샐비지스,2405131977,ㄷ
T,THE TOOL LAB,더툴랩,2211071226,ㄷ
T,THEMOIRE,더모아레,2401114292,ㄷ
T,THEO EYEWEAR,테오 아이웨어,2406134088,ㅌ
T,THERMAREST,써머레스트,2209065462,ㅆ
T,THERMOS,써모스,2209065797,ㅆ
T,THOM BROWNE,톰브라운,2212074439,ㅌ
T,THOM BROWNE KIDS,톰브라운 키즈,2211072201,ㅌ
T,THRASHER,트레셔,2302078701,ㅌ
T,THULE,툴레,2408144364,ㅌ
T,TID WATCHES,티아이디와치스,2212074268,ㅌ
T,TIFFANY,티파니앤코,2212074137,ㅌ
T,TIMBERLAND,팀버랜드,2109038908,ㅌ
T,TIMEFLIK,타임플릭,2212072870,ㅌ
T,TINO5,티노파이브,2211070522,ㅌ
T,TINYCOTTONS,타이니코튼,2301075714,ㅌ
T,Tirr Lirr,티르리르,2303081818,ㅌ
T,TIVOLI AUDIO,티볼리 오디오,2102028758,ㅌ
T,TNGT,티엔지티,2305091106,ㅌ
T,TOILETPAPER BEAUTY,토일렛페이퍼뷰티,2402120511,ㅌ
T,TOM FORD,톰포드,2212074131,ㅌ
T,TOMMY HILFIGER,타미힐피거,2301076827,ㅌ
T,TOMMY HILFIGER FRAGRANCES,타미 힐피거,2308100402,ㅌ
T,TOMS,탐스,2211070801,ㅌ
T,TONE Factory,톤 팩토리,2207059556,ㅌ
T,TOOCO,투코,2403121270,ㅌ
T,TOPO DESIGNS,토포 디자인,2406134094,ㅌ
T,TORHOP,토르홉,2406137097,ㅌ
T,TORY BURCH,토리버치,2212074128,ㅌ
T,TOTEME,토템,2302078046,ㅌ
T,TRAIANO,트라이아노,2406134102,ㅌ
T,TRAMAROSSA,트라마로사,2405131997,ㅌ
T,TRANGIA,트란지아,2201047716,ㅌ
T,TRANSIT,트렌짓,2405132030,ㅌ
T,TRETORN,트레통,2310105551,ㅌ
T,TRILOGY,트릴로지,2306093510,ㅌ
T,TROENTORP,트로앤토프,2301076897,ㅌ
T,TRUE ARTIST,트루 아티스트,2401114648,ㅌ
T,TRUE ROYAL,트루로얄,2305090967,ㅌ
T,Tugiusagi,쯔키우사기지루시,2312113584,ㅉ
T,TUMI,투미,2212074270,ㅌ
T,TUNE9,튠나인,2302079390,ㅌ
T,TURTLE BEACH,터틀 비치,2305091223,ㅌ
T,TWENTY FOURHAITCH,트웬티포하이치,2405131974,ㅌ
T,TWINSET,트윈셋,2305090969,ㅌ
U,UGG,어그,10000003441,ㅇ
U,ULLA JOHNSON,울라존슨,2305090954,ㅇ
U,UNDER ARMOUR,언더아머,2301076899,ㅇ
U,UNDERCOVER,언더커버,2301077121,ㅇ
U,UNIFLAME,유니프레임,2201047714,ㅇ
U,UNITED BY BLUE,유나이티드바이블루,2301075881,ㅇ
U,UNIVERSAL OVERALL,유니버셜 오버롤,1907008958,ㅇ
U,UNLEASHIA,언리시아,2302079362,ㅇ
U,UNTITLED ARTWORKS™,언타이틀드 아트웍스,2406134081,ㅇ
U,UNTOLD LABEL,언톨드레이블,2206058133,ㅇ
U,UPPERCUT DELUXE,어퍼컷디럭스,2302079386,ㅇ
U,URBAN DECAY,어반디케이,2206057362,ㅇ
V,VALENTINO,발렌티노,2212074625,ㅂ
V,VALEXTRA,발렉스트라,2301076005,ㅂ
V,VANESSABRUNO,바네사브루노,2212074179,ㅂ
V,VANS,반스,2305091045,ㅂ
V,VAQUERA,바퀘라,2405131965,ㅂ
V,VEDI VERO,베디베로,2301076661,ㅂ
V,VEJA,베자,2301075532,ㅂ
V,VENTE,방떼,2108037890,ㅂ
V,VERMICULAR,버미큘라,2302078264,ㅂ
V,VERPAN,베르판,2303085124,ㅂ
V,VERSACE,베르사체,2212074189,ㅂ
V,VERSACE HOME,베르사체 홈,2403121398,ㅂ
V,VERSACE Perfume,베르사체,2301076667,ㅂ
V,VERUTUM,베루툼,1903006850,ㅂ
V,VESKAMINA,베스카미나,2405131906,ㅂ
V,VETEMENTS,베트멍,2301076352,ㅂ
V,VETPLE,벳플,2406137054,ㅂ
V,VIA MASINI 80,비아 마시니 80,2405132080,ㅂ
V,VIBRAM FIVEFINGERS,비브람파이브핑거스,2212074193,ㅂ
V,VIC MATIE,빅마티,2401114305,ㅂ
V,VICTOR&ROLF,빅터앤롤프,2302079305,ㅂ
V,VICTORIA BECKHAM,빅토리아 베컴,2301075270,ㅂ
V,VICTORIA SHOES,빅토리아 슈즈,2301076665,ㅂ
V,VICTORINOX,빅토리녹스,2111043519,ㅂ
V,VIDIVICI,비디비치,10000003455,ㅂ
V,VIEU,뷰,2302079304,ㅂ
V,VIGAR,비가,2108037845,ㅂ
V,VILEBREQUIN,빌보콰,2005017730,ㅂ
V,VILLEROY&BOCH,빌레로이앤보흐,2303082888,ㅂ
V,VINCE,빈스,2405132016,ㅂ
V,VINTORIO,빈토리오,2302078262,ㅂ
V,VIS A VIS,비자비,2012025743,ㅂ
V,VISION OF SUPER,비전오브슈퍼,2401114295,ㅂ
V,VISSLA,비슬라,2406134095,ㅂ
V,VISVIM,비즈빔,2212074198,ㅂ
V,VITALSIGN,바이탈사인,2108037884,ㅂ
V,VIVETTA,비베타,2403121269,ㅂ
V,VIVIENNE WESTWOOD,비비안웨스트우드,2212074194,ㅂ
V,VODANA,보다나,2301077527,ㅂ
V,VOGO,보고,2108038321,ㅂ
V,VOKEN,보켄,2206058875,ㅂ
V,VON DUTCH,본더치,2408145503,ㅂ
V,VOTTA,보타,2302080063,ㅂ
V,VOV,보브,10000001375,ㅂ
V,VTMNTS,베트멍,2305089644,ㅂ
V,VUORI,뷰오리,2307096385,ㅂ
W,WANDLER,반들러,2303081016,ㅂ
W,WASHINGTON DC,워싱턴디치,2305090955,ㅇ
W,WEDGWOOD,웨지우드,2207060680,ㅇ
W,WELLDONE,웰던,2305090956,ㅇ
W,WELLSING,웰싱,2307097433,ㅇ
W,WERKSTATT MUNCHEN,베르크슈타트 뮌헨,2405132077,ㅂ
W,WERKWAARDIG,베르크발더흐,2305091693,ㅂ
W,WHIRLPOOL,월풀,2308098661,ㅇ
W,WHO DECIDES WAR,후 디싸이즈 워,2405132018,ㅎ
W,WILD CASHMERE,와일드 캐시미어,2406134076,ㅇ
W,WILD DONKEY,와일드동키,2212074074,ㅇ
W,WILHELMINA GARCIA,윌헬미나 가르시아,2301076806,ㅇ
W,WINWIN STYLE,윈윈스타일,2205055322,ㅇ
W,WNDERKAMMER,분더캄머,1902006004,ㅂ
W,WOC,더블유오씨,2402118852,ㄷ
W,WOLF1834,울프1834,2212074075,ㅇ
W,WOLFORD,월포드,2312112436,ㅇ
W,WONDERTREE,원더트리,2406134139,ㅇ
W,WOOD WOOD,우드우드,2405132447,ㅇ
W,WOOLRICH,울리치,2301075997,ㅇ
W,WOOSUK,우석,2210067499,ㅇ
W,WOOYOUNGMI,우영미,2304088070,ㅇ
W,WOTANCRAFT,우탄크래프트,2302079929,ㅇ
W,WRANGLER,랭글러,2404126700,ㄹ
X,XC,엑스씨,2405131995,ㅇ
X,XENIA TALER,제니아테일러,2301077296,ㅈ
Y,Y-3,와이쓰리,2301076354,ㅇ
Y,Y/PROJECT,와이/프로젝트,2301075670,ㅇ
Y,YALE KIDS,예일 키즈,2212073884,ㅇ
Y,YANKO,얀코,1904007269,ㅇ
Y,YCH,와이씨에이치,1911012003,ㅇ
Y,YEEZY,이지,2302077829,ㅇ
Y,YIDO,이도,2403122957,ㅇ
Y,YMC,와이엠씨,2305091000,ㅇ
Y,Yohji Yamamoto,요지야마모토,10000041884,ㅇ
Y,YORF GOLF,욜프골프,2205056132,ㅇ
Y,YOUNGOH,영오,2108037856,ㅇ
Y,YUJI,유지,2408144159,ㅇ
Y,YUNJAC,연작,10000041843,ㅇ
Y,YVES ROCHER,이브로쉐,2301075884,ㅇ
Z,ZADIG&VOLTAIRE,쟈딕앤볼테르,2302077764,ㅈ
Z,ZAELEC,자일렉,2302078332,ㅈ
Z,ZAMBERLAN,잠발란,2206058625,ㅈ
Z,ZANELLATO,자넬라토,2301077331,ㅈ
Z,ZANONE,자노네,2305090957,ㅈ
Z,ZEGNA,제냐,2302080564,ㅈ
Z,ZERO RH+,제로알에이치플러스,2302079303,ㅈ
Z,ZEROHALLIBURTON,제로할리버튼,2207060057,ㅈ
Z,ZICZAC,직작,2108037849,ㅈ
Z,ZIMMERMANN,짐머만,2305090962,ㅈ
Z,ZIPPO,지포,2212074081,ㅈ
Z,ZIZONE,지존,2207060165,ㅈ
Z,ZWILLING,즈윌링(헹켈),2207060702,ㅈ